group_id,mass_log_msun,mass_200c_1e14Msun,pos_x,pos_y,pos_z
0,15.038485699567925,10.926616474756434,,,
5475,14.756568285735549,5.709108355476817,,,
9446,14.807256521074502,6.415884263359904,,,
13762,14.794783087875894,6.234233835252449,,,
17103,14.615769631355656,4.128284617655747,,,
19941,14.659402720303813,4.564599940950702,,,
22474,14.613291764241803,4.104797756126369,,,
25135,14.590495445991833,3.894892235016243,,,
27444,14.60701472287219,4.045896073221143,,,
29646,14.606191526804876,4.038234425745493,,,
32058,14.59897811890034,3.971715382344264,,,
34075,14.609184970836344,4.066164747564212,,,
35718,14.60559099000439,4.032654266312367,,,
37639,14.361348573600313,2.297992323590194,,,
39578,14.515576246595947,3.2777531739002055,,,
41645,14.525507697477586,3.353572483023325,,,
43411,14.307984656187342,2.0322852081488003,,,
45104,14.212001915328258,1.6293032181871885,,,
47140,14.417196770571655,2.613345143194568,,,
48865,14.387551127320517,2.440906406849723,,,
50248,14.280884306515562,1.909344552701504,,,
52169,14.452754511262263,2.836315323294951,,,
53562,14.44554996897404,2.7896516090935886,,,
55071,14.249052049100289,1.7744021257750253,,,
56924,14.40831659239003,2.560451727192203,,,
58280,13.82483481196504,0.6680897549453783,,,
59887,14.403712582974363,2.533451431945675,,,
61115,14.390081005242859,2.455166814289933,,,
62502,14.337469578036785,2.175051668142903,,,
64012,14.399864227617053,2.511101269560085,,,
65306,14.086132226102592,1.2193607912607027,,,
66526,14.379746181017822,2.397431355181576,,,
67780,14.363386002741832,2.3087983466194255,,,
69114,14.267130140269407,1.8498228520814917,,,
70382,14.276883584955277,1.891836433421906,,,
71545,14.278162694154366,1.8974165928550304,,,
72785,14.321932222488634,2.098612341304992,,,
74042,14.268952809828756,1.8576025981694728,,,
75498,14.329695365094283,2.1364629465603757,,,
76599,14.305653415848088,2.021405373486863,,,
77734,14.302961873966069,2.0089164452317707,,,
78892,14.218973447393749,1.655668733392381,,,
80097,14.247285238493953,1.7671981104222048,,,
81395,14.06897476314776,1.1721272512547998,,,
82505,14.252094486646538,1.7868762917035734,,,
83662,14.208326923715218,1.6155742545025102,,,
84791,14.276049120568672,1.8882049010924131,,,
85833,14.26178774269491,1.827206967818127,,,
86919,14.252277432820849,1.7876291703572484,,,
88088,14.184527139013555,1.5294213167995265,,,
89434,14.264034532915742,1.8366843814585196,,,
90550,14.19253074583095,1.5578683200472374,,,
91519,14.23283711360041,1.709374077354594,,,
92438,14.215876230058775,1.643903159137878,,,
93560,14.211048616340339,1.6257307351638635,,,
94632,14.211135366405108,1.6260555063477982,,,
95550,14.217856799210137,1.6514171833480957,,,
96499,14.126265268917917,1.3374121641570693,,,
97595,14.236895010617628,1.7254207263064631,,,
98518,14.09720585307406,1.2508517862415096,,,
99483,13.929470212261577,0.8501003838204898,,,
100546,14.222144845955532,1.6678033658104525,,,
101469,14.172192903670412,1.48659580749926,,,
102498,14.12713733157856,1.3401003838204903,,,
103559,14.098347330337305,1.2541437850605248,,,
104588,14.208858360055114,1.617552406259223,,,
105590,14.190182767417458,1.5494685562444637,,,
106547,13.979047690264672,0.9529007971656313,,,
107672,14.120596758352669,1.3200693829347518,,,
108635,14.13936263163078,1.3783599055211109,,,
109658,14.140898570010934,1.383243283141425,,,
110634,14.197803315639105,1.5768969589607345,,,
111429,14.050842394752696,1.1241969294360803,,,
112538,14.14196606536834,1.3866474756421598,,,
113515,14.181299983288499,1.5180986123413034,,,
114353,14.18873216132518,1.5443017419545344,,,
115057,14.042019946422055,1.1015899025686469,,,
115953,14.1418657233211,1.3863271331561877,,,
116819,14.118158657389232,1.312679362267491,,,
117631,14.168193954752377,1.472970180100385,,,
118413,14.13000215929785,1.3489695896073204,,,
119297,14.134395560528105,1.3626852671981127,,,
120180,14.167640827037454,1.471095364629467,,,
120911,14.056787296817234,1.1396914673752596,,,
121915,14.060541155888835,1.1495851786241513,,,
122761,14.009211319456494,1.0214363743726025,,,
123890,14.145994753920549,1.399570416297607,,,
124855,14.14382535959597,1.3925966932388518,,,
125739,14.14498763637455,1.3963286093888378,,,
126458,13.99612256055996,0.9911116031886628,,,
127369,14.065780218175503,1.1635370534396205,,,
128172,14.088385138073363,1.225702686743429,,,
129081,14.080130134363605,1.2026247416592875,,,
129866,14.073769745086473,1.1851402421021566,,,
130677,13.931996857391539,0.8550605255388236,,,
131586,14.133862647405419,1.3610141718334834,,,
132415,14.043444078350586,1.1052081488042538,,,
133228,14.104841397087052,1.2730380868024822,,,
134066,14.093150675847275,1.2392264540891622,,,
134780,14.126124310291884,1.336978151756719,,,
135596,14.049400016731258,1.1204694419840557,,,
136364,14.016753992532967,1.0393312666076155,,,
137145,14.122537045133608,1.3259802184824356,,,
137815,14.106054418238228,1.2765987599645716,,,
138630,14.082397346102864,1.2089193976970782,,,
139486,14.110641891325598,1.2901550044286971,,,
140204,14.10671131309039,1.2785311485090036,,,
140858,14.053993202599267,1.132382639503984,,,
141700,14.07996217527272,1.202159728373193,,,
142402,13.81400189480099,0.6516312370829649,,,
143193,14.072040628293976,1.1804310599350443,,,
143943,13.858840957187633,0.7225051668142901,,,
144733,14.097843505112424,1.2526896958960752,,,
145375,14.110644872909173,1.2901638618246254,,,
146015,14.075639078906402,1.1902524357838806,,,
146815,14.108542753739403,1.2839341600236176,,,
147456,13.931093916583718,0.8532846176557435,,,
148325,14.075334100597805,1.189416888101565,,,
148996,13.916680030095627,0.8254295837023921,,,
149785,14.07475588623028,1.1878343666961888,,,
150349,14.05271972223523,1.1290670209625044,,,
151121,13.963396707639305,0.9191718334809549,,,
151770,13.926440730395418,0.8441910245054619,,,
152579,14.085802434708164,1.2184351933864783,,,
153232,14.043030277428077,1.1041555949217603,,,
153842,14.038590128588822,1.0929244168881034,,,
154620,13.997748975162285,0.9948302332447576,,,
155410,14.05688460497942,1.1399468556244485,,,
156028,14.013788524905452,1.0322586359610266,,,
156765,14.034226194211522,1.0819973427812228,,,
157563,13.86768334453031,0.737366400944788,,,
158276,14.051564353378804,1.1260673162090362,,,
158933,14.053804627461334,1.1318910540301168,,,
159454,14.044101402202909,1.1068821966341917,,,
160259,13.978526624072163,0.9517581930912299,,,
160889,13.481924364743689,0.30333628579864236,,,
161779,14.035562078214149,1.085330676114555,,,
162423,14.039080257341404,1.0941585473870672,,,
163073,14.035625870608005,1.0854901092412146,,,
163720,14.047813304012898,1.1163832299970486,,,
164283,14.032495515163555,1.077694124594037,,,
165052,14.035057315498305,1.0840699734278103,,,
165693,13.526773342669559,0.3363359905521114,,,
166612,13.96647013906518,0.925699734278123,,,
167159,13.912375992141854,0.8172896368467664,,,
167794,14.027194266492566,1.064619131975197,,,
168460,13.84256096872108,0.6959226454089178,,,
169171,13.881910545025464,0.7619220549158545,,,
169904,14.01878179780693,1.0441954532034259,,,
170608,13.87521937746411,0.7502731030410381,,,
171361,14.034259374821174,1.0820800118098615,,,
172051,14.03402231483207,1.081489518748153,,,
172714,13.864869329678566,0.7326040744021244,,,
173476,14.028095434994597,1.066830528491292,,,
174047,13.942686742960937,0.8763684676705067,,,
174825,13.920507057953863,0.8327354591083567,,,
175575,14.006892193489286,1.0159964570416298,,,
176249,13.987502788215135,0.9716341895482744,,,
176977,14.009772089626065,1.022756126365517,,,
177606,14.007371508288463,1.017118393858873,,,
178343,13.920339958380138,0.8324151166223781,,,
178994,13.995939457946953,0.990693829347507,,,
179598,13.996264848500454,0.9914363743726027,,,
180252,14.009348756306936,1.0217596693238855,,,
180819,13.970472061861004,0.9342692648361381,,,
181484,14.015741783785593,1.0369117212872765,,,
182093,13.88813951540386,0.7729288455860649,,,
182891,13.895603261774236,0.7863271331561853,,,
183505,13.871668920548458,0.7441644523176847,,,
184227,13.83142709117114,0.6783082373782098,,,
184975,14.008891720486087,1.0206849719515811,,,
185528,13.993406288850267,0.9849320932979052,,,
186003,13.986995737906623,0.9705004428697976,,,
186588,13.836191946435411,0.6857912607026869,,,
187290,14.009420281567879,1.0219279598464708,,,
187888,13.78583298005634,0.6107071154413936,,,
188591,13.832873632050921,0.6805713020371997,,,
189363,13.96811673553021,0.9292161204605853,,,
190023,13.976033162529363,0.9463094183643351,,,
190556,13.974252448008853,0.9424372601121952,,,
191132,13.697204624188494,0.4979716563330379,,,
191774,13.76977054254488,0.5885326247416587,,,
192348,13.947245252591083,0.8856155890168297,,,
192958,13.97352325803973,0.9408562149394764,,,
193559,13.9551881991413,0.90196191319752,,,
194033,13.935934865053634,0.8628491290227327,,,
194668,13.70121324876919,0.5025893120755841,,,
195479,13.972989376952517,0.9397003247711851,,,
196057,13.969675309495322,0.93255683495719,,,
196531,13.863602930319022,0.7304709182167095,,,
197282,13.95019749851922,0.891656333038087,,,
197925,13.941862952557237,0.874707705934457,,,
198507,13.750177802030525,0.5625715972837325,,,
199168,13.968366428377427,0.9297505166814294,,,
199828,13.827639375201162,0.6724180690876878,,,
200349,13.930990217209057,0.853080897549454,,,
200860,13.926008389012141,0.8433510481251861,,,
201467,13.856562470552408,0.7187245349867153,,,
201964,13.95691344733265,0.9055521110126948,,,
202486,13.737634625924787,0.5465559492175973,,,
203145,13.930578933171901,0.8522733982875702,,,
203730,13.94324529858218,0.8774963094183634,,,
204316,13.800532615758044,0.6317316209034535,,,
204992,13.773785797385058,0.5939991142604064,,,
205614,13.910712923943418,0.8141659285503383,,,
206186,13.824029895666035,0.6668526719811037,,,
206801,13.957596825444018,0.9069781517567151,,,
207326,13.94703164204844,0.8851801003838189,,,
207849,13.60385621519391,0.40165780927074096,,,
208553,13.974222514728448,0.9423723058754064,,,
209073,13.931805617689498,0.8546840862119869,,,
209582,13.962925641708244,0.9181753764393259,,,
210104,13.869188398672039,0.7399261883672857,,,
210618,13.760332984577744,0.5758813108945975,,,
211301,13.933209829037796,0.8574520224387352,,,
211841,13.646921234081946,0.44352819604369664,,,
212403,13.86288439402291,0.7292633599055218,,,
213021,13.915945417869965,0.8240345438441112,,,
213633,13.942912006268187,0.8768231473280204,,,
214107,13.906175607596973,0.8057041629760847,,,
214609,13.923882220982444,0.8392323590197819,,,
215074,13.900498558465898,0.7952406259226441,,,
215600,13.84163504599814,0.6944405078240328,,,
216191,13.911713414433889,0.816043696486565,,,
216680,13.894810032604411,0.7848922350162395,,,
217198,13.70331930718754,0.5050324771183939,,,
217792,13.890752756086878,0.7775937407735463,,,
218374,13.784465039497935,0.608786536758194,,,
218938,13.886554832410313,0.770113669914378,,,
219506,13.930781240357442,0.8526705048715685,,,
219988,13.903715429517929,0.8011529377029817,,,
220412,13.91875896016984,0.8293903159137872,,,
220835,13.918619024413426,0.8291231178033666,,,
221265,13.872108939184704,0.7449188072040152,,,
221782,13.790950919204533,0.6179465603779163,,,
222426,13.821991735654665,0.6637304399173306,,,
222934,13.895866535025215,0.7868039563035123,,,
223283,13.852878889391219,0.7126542663123695,,,
223827,13.879519303234188,0.7577384115736632,,,
224252,13.831318382491379,0.6781384706229693,,,
224765,13.806863630528403,0.6410082669028625,,,
225273,13.908393194499483,0.8098287570121057,,,
225667,13.895858386544198,0.7867891939769717,,,
226056,13.882867061578152,0.763602007676411,,,
226524,13.876175381387391,0.7519264836138189,,,
226900,13.642432974254918,0.43896811337466696,,,
227523,13.910757806605634,0.8142500738116321,,,
228010,13.874226150548447,0.748559196929435,,,
228475,13.780564758491131,0.6033436669619126,,,
229044,13.901149476676004,0.7964334219072918,,,
229416,13.848614502944505,0.7056908768821958,,,
229916,13.903754639817846,0.8012252731030408,,,
230443,13.687655586931026,0.48714201358134057,,,
231046,13.87079790279251,0.7426734573368767,,,
231491,13.847271483469987,0.7035119574845006,,,
232022,13.833584284184175,0.6816858576911716,,,
232525,13.851135525326562,0.7097992323590211,,,
232984,13.47300289745659,0.29716858576911714,,,
233643,13.859339365468555,0.7233348095659867,,,
234177,13.853109131666674,0.7130321818718632,,,
234598,13.800401678970886,0.6315411868910531,,,
235063,13.431537069345268,0.27010776498376143,,,
235668,13.867330195213244,0.7367670504871557,,,
236117,13.612467873067883,0.40970180100383763,,,
236636,13.866121575831597,0.7347195157956886,,,
237070,13.874399123361586,0.7488573959255963,,,
237400,13.5918152187654,0.3906746383229992,,,
237932,13.568265831304826,0.37005462060820726,,,
238493,13.756619939602285,0.5709787422497778,,,
238911,13.835165190843503,0.684171833480957,,,
239361,13.884556403814456,0.7665780927074102,,,
239750,13.819131869280968,0.6593740773545915,,,
240198,13.819150342884285,0.6594021257750209,,,
240663,13.864815068576643,0.7325125479775613,,,
241035,13.718753895608756,0.5233038086802474,,,
241484,13.775898292187549,0.5968954827280775,,,
241947,13.82915842804819,0.6747741364038974,,,
242427,13.862070433439424,0.7278978447003261,,,
242844,13.76108491353765,0.5768792441688815,,,
243386,13.813828699347669,0.6513714201358143,,,
243858,13.877647942583577,0.7544803661056998,,,
244218,13.831323109521584,0.6781458517862425,,,
244697,13.854770269128869,0.7157646885149098,,,
245172,13.865630021313684,0.7338883968113381,,,
245521,13.844862593687047,0.6996206082078521,,,
245886,13.500174952156012,0.316355181576617,,,
246467,13.848616319939385,0.7056938293475062,,,
246755,13.835727071663865,0.6850575730735167,,,
247209,13.83717897234573,0.6873516386182452,,,
247640,13.521966114839284,0.33263359905521184,,,
248114,13.850444900448126,0.7086713906111605,,,
248546,13.856174266564077,0.7180823737821075,,,
248912,13.824017397139261,0.6668334809565991,,,
249341,13.857268379729017,0.7198937112488916,,,
249718,13.752897526390637,0.5661056982580461,,,
250207,13.824877993217026,0.6681561854148205,,,
250642,13.836782377231994,0.6867242397401832,,,
251103,13.8178864937366,0.657485975789784,,,
251579,13.788926193853062,0.6150723354000592,,,
251991,13.647164010093856,0.44377620312961275,,,
252452,13.848652658240646,0.705752878653675,,,
252803,13.506078608349313,0.32068497195157947,,,
253371,13.805407941045884,0.638863300856215,,,
253722,13.68996443012421,0.48973870682019477,,,
254229,13.825294232168796,0.6687968703867722,,,
254745,13.778733210682516,0.6008045467965761,,,
255221,13.830047783820271,0.6761573664009436,,,
255610,13.80494004322504,0.6381753764393261,,,
256039,13.801085363023304,0.6325361677000308,,,
256499,13.824232706088388,0.6671641570711555,,,
256867,13.796253245035135,0.6255373486861537,,,
257306,13.822987437093698,0.6652539120165327,,,
257655,13.70869633114293,0.5113241806908764,,,
258207,13.794276827147485,0.6226970770593442,,,
258569,13.821811068451971,0.6634543844109841,,,
258930,13.817095937330235,0.6562902273398288,,,
259414,13.614061088727187,0.4112075583111906,,,
259969,13.640047253860386,0.43656333038086875,,,
260462,13.617106252329235,0.4141009743135515,,,
260964,13.665896312948762,0.4633362857986414,,,
261437,13.823085725593973,0.6654044877472679,,,
261794,13.656427553180087,0.4533436669619129,,,
262280,13.8463254220407,0.7019811042220266,,,
262582,13.826850152070465,0.6711972246826096,,,
262949,13.770645500275913,0.5897195157956898,,,
263350,13.8162138924835,0.6549586654856795,,,
263809,13.799855175482074,0.6307469737230579,,,
264294,13.82251978032139,0.6645379391792143,,,
264598,13.819057967008566,0.659261883672867,,,
264994,13.792192069271403,0.6197150870977274,,,
265380,13.816164946201981,0.6548848538529667,,,
265763,13.79787776054136,0.6278816061411279,,,
266184,13.758877712895028,0.57395482728078,,,
266609,13.752898658897978,0.5661071744906989,,,
267065,13.8084858793855,0.643407144966047,,,
267434,13.60703532240869,0.4046087983466202,,,
267981,13.781212468041181,0.6042441688810147,,,
268361,13.822800434810267,0.6649675228816064,,,
268709,13.808410142978227,0.6432949512843227,,,
269083,13.809197753654816,0.6444626513138475,,,
269386,13.689386730485234,0.48908768821966303,,,
269830,13.794120301993388,0.6224726896958968,,,
270229,13.702101456336319,0.5036182462356059,,,
270755,13.792892921196342,0.6207159728373194,,,
271215,13.777542829223227,0.5991600236197214,,,
271567,13.805303561186818,0.6387097726601704,,,
271883,13.806439349641293,0.6403823442574561,,,
272260,13.770170151140233,0.5890744021257752,,,
272672,13.806469383145505,0.6404266312370832,,,
273049,13.754140373519174,0.5677280779450838,,,
273478,13.774289551145321,0.5946885149099497,,,
273831,13.769370565917889,0.5879908473575427,,,
274205,13.715246903758539,0.5190950693829355,,,
274607,13.82441429002286,0.667443165042811,,,
274983,13.771593555746206,0.5910082669028628,,,
275452,13.58065834959613,0.38076616474756353,,,
275921,13.801877252376848,0.6336905816356647,,,
276281,13.75286241719814,0.5660599350457638,,,
276705,13.795793842307875,0.6248759964570407,,,
277026,13.783881223865873,0.6079687038677284,,,
277352,13.785474850990276,0.6102037201062888,,,
277714,13.728593386827134,0.5352952465308537,,,
278075,13.766093706964373,0.5835710067906713,,,
278490,13.732062388258866,0.5395881310894606,,,
278936,13.793846247155013,0.6220800118098605,,,
279232,13.814797116229707,0.652825509300266,,,
279593,13.619086549500098,0.415993504576322,,,
279992,13.756148089152195,0.5703587245349877,,,
280398,13.79152945881229,0.6187702981989949,,,
280713,13.7866164727223,0.6118098612341316,,,
281137,13.747367535110634,0.5589430174195444,,,
281533,13.780646571841572,0.6034573368762928,,,
281880,13.75750608120129,0.5721449660466481,,,
282252,13.796254269944264,0.6255388249188067,,,
282639,13.772972302209103,0.5928875110717444,,,
283063,13.798914963165446,0.6293829347505158,,,
283399,13.759328755150817,0.5745512252731027,,,
283725,13.692208972510054,0.49227635075287873,,,
284176,13.513226646447954,0.3260067906702094,,,
284625,13.763301962096076,0.5798317094774135,,,
284968,13.756254862103587,0.5704989666371412,,,
285333,13.772585005793859,0.5923590197815186,,,
285675,13.76455291638222,0.5815042810746963,,,
286062,13.772275353028018,0.5919368172423964,,,
286374,13.718002235549767,0.5223988780631831,,,
286829,13.773437034538476,0.5935222911130786,,,
287244,13.643029914622083,0.4395718925302636,,,
287630,13.76045765453788,0.5760466489518747,,,
287993,13.761047125702133,0.5768290522586353,,,
288337,13.740854324773228,0.5506229701800995,,,
288750,13.750331623930808,0.5627708886920585,,,
289114,13.772787351756211,0.5926350752878651,,,
289515,13.757094642817814,0.5716031886625335,,,
289842,13.73996384652407,0.5494951284322417,,,
290190,13.560269950794575,0.3633038086802487,,,
290596,13.739312315356214,0.5486713906111601,,,
291388,13.772918231276993,0.5928136994390327,,,
291746,13.758220407278067,0.5730868024800699,,,
292185,13.709267707033552,0.5119973427812232,,,
292612,13.739459520756983,0.5488573959255982,,,
292883,13.73481966488337,0.5430248007085916,,,
293222,13.640890856325845,0.43741216415707196,,,
293656,13.746209795593948,0.5574549749040444,,,
293953,13.760631242364633,0.5762769412459408,,,
294272,13.474364255754516,0.2981015648066137,,,
294719,13.679815078297587,0.4784263359905527,,,
295078,13.76644841462534,0.5840478299379974,,,
295424,13.784104726167632,0.6082816651904344,,,
295694,13.715982383446649,0.519974904044877,,,
296117,13.703499533434881,0.5052421021552994,,,
296576,13.628841249501606,0.42544286979627977,,,
297077,13.760649042321884,0.5763005609684091,,,
297541,13.60372850171184,0.40153971065840016,,,
297994,13.595574971521106,0.39407144966046576,,,
298391,13.715940460035325,0.5199247121346325,,,
298741,13.77243995121689,0.5921612046058469,,,
299052,13.758234950304468,0.5731059935045769,,,
299346,13.680830994202593,0.47954679657514,,,
299666,13.465525981983891,0.29209625036905823,,,
300112,13.686299220873074,0.48562297018010103,,,
300484,13.704342556876322,0.5062237968703869,,,
300841,13.713087579266588,0.5165205196338938,,,
301193,13.727108105209835,0.5334676705048721,,,
301577,13.749720572486924,0.5619796279893715,,,
302012,13.656354008429192,0.4532669028638918,,,
302434,13.759917530834295,0.5753306761145556,,,
302783,13.67247009342521,0.47040301151461456,,,
303126,13.693840362982819,0.49412902273398185,,,
303466,13.72477275542254,0.530606731620903,,,
303859,13.692723099203961,0.4928594626513142,,,
304192,13.734902302193973,0.5431281369943896,,,
304538,13.711723813225703,0.5149010924121634,,,
304865,13.756663728286139,0.5710363153232959,,,
305205,13.753791288062516,0.5672719220549161,,,
305577,13.698184564005013,0.49909654561558897,,,
305967,13.71966933378929,0.5244080307056388,,,
306399,13.728487976998288,0.5351653380572768,,,
306813,13.72822793655987,0.5348449955713027,,,
307159,13.736769250422233,0.5454679657514023,,,
307506,13.693176847025603,0.49337466784765205,,,
307847,13.697683296246446,0.4985208148804259,,,
308194,13.7343696058948,0.5424623560673167,,,
308532,13.675619249930158,0.47382639503985835,,,
308936,13.67855493610885,0.47704015352819507,,,
309369,13.751272738209213,0.5639917330971361,,,
309740,13.723699689493237,0.5292973132565698,,,
310076,13.715509894413529,0.5194095069382945,,,
310418,13.677237208723088,0.4755949217596696,,,
310814,13.610865649900955,0.4081930912311786,,,
311183,13.447487624944102,0.2802125775022145,,,
311590,13.727853780450392,0.53438441098317,,,
311880,13.689036592920448,0.48869353410097416,,,
312223,13.705684212161099,0.5077900797165625,,,
312594,13.690512599284139,0.49035724830233196,,,
312909,13.536428708280884,0.34389725420726336,,,
313388,13.649663344234472,0.4463374667847644,,,
313755,13.717367277743625,0.521635665780927,,,
314057,13.724969659863843,0.5308473575435483,,,
314337,13.724892358335005,0.5307528786536749,,,
314686,13.626412809374173,0.42307056392087405,,,
315086,13.737979356216549,0.5469899616179519,,,
315363,13.39001049420081,0.24547682314732802,,,
315755,13.525805828346535,0.3355875405963987,,,
316100,13.718248844951905,0.5226956008266894,,,
316490,13.75534138651929,0.5693002657218775,,,
316787,13.734706308139026,0.5428830823737827,,,
317130,13.716488843623988,0.5205816356657805,,,
317490,13.7366669823065,0.5453395335104816,,,
317783,13.647773242376473,0.4443991733097144,,,
318129,13.44944856275214,0.28148066135222927,,,
318439,13.73125963547907,0.5385916740478298,,,
318766,13.225266538309471,0.16798346619427246,,,
319276,13.69551735023388,0.49604074402125686,,,
319671,13.701289780027578,0.5026778860348383,,,
319906,13.274930597261811,0.18833480956598797,,,
320268,13.620369992957341,0.4172246826099788,,,
320623,13.625207914601749,0.4218984351933863,,,
320894,13.678421864345545,0.47689400649542446,,,
321234,13.722020053909567,0.5272542072630657,,,
321568,13.656269133622597,0.4531783289046363,,,
321983,13.707294784461784,0.5096767050487148,,,
322360,13.716893833030081,0.521067316209035,,,
322678,13.713669325361828,0.5172128727487447,,,
322996,13.697265130697863,0.49804103926778814,,,
323244,13.600594164681004,0.3986521995866554,,,
323600,13.708693823451837,0.5113212282255676,,,
323930,13.685019382824368,0.4841939769707709,,,
324295,13.61337453593472,0.41055801594331304,,,
324656,13.482560081052283,0.3037806318275764,,,
325052,13.638052781533652,0.4345630351343366,,,
325379,13.703658121427587,0.5054266312370828,,,
325641,13.73034208724854,0.5374549749040457,,,
325894,13.66563886794588,0.46306170652494844,,,
326346,13.614855510128121,0.41196043696486584,,,
326783,13.667815413378717,0.46538824918807115,,,
327112,13.38893574356388,0.24487009152642472,,,
327475,13.46277366416294,0.2902509595512252,,,
327803,13.689896351296076,0.48966194272217334,,,
328133,13.648581824962315,0.44522733982875656,,,
328493,13.69397527934898,0.49428255093002665,,,
328841,13.74667303205032,0.5580498966637134,,,
329106,13.71108209650773,0.514140832595216,,,
329491,13.689668471432425,0.48940507824032975,,,
329842,13.661602280271934,0.4587776793622678,,,
330177,13.614252817491735,0.4113891349276647,,,
330531,13.633371531322409,0.4299040448774725,,,
330875,13.686912680639635,0.4863094183643342,,,
331182,13.632670049956303,0.42921021552996763,,,
331541,13.623267607717201,0.42001771479185096,,,
331920,13.622145774314184,0.4189341600236189,,,
332290,13.724773963697457,0.5306082078535583,,,
332576,13.653088546276186,0.44987156775907866,,,
332902,13.589090740011258,0.38823147328018953,,,
333310,13.672821583425986,0.4707838795394159,,,
333601,13.624678769239383,0.4213847062297017,,,
333905,13.404466053053072,0.25378506052553834,,,
334243,13.707943373644573,0.5104384410983172,,,
334574,13.630308042682232,0.4268821966341904,,,
334925,13.662193000458977,0.45940212577502265,,,
335268,13.578959482532769,0.3792795984647176,,,
335588,13.675447376191478,0.47363891349276666,,,
335948,13.683956156773515,0.48301003838204803,,,
336248,13.687860847484725,0.4873723058754068,,,
336581,13.675287621498468,0.4734647180395626,,,
336851,13.700734622612345,0.5020357248302327,,,
337173,13.656356837303763,0.4532698553292002,,,
337547,13.672994499272745,0.4709713610865082,,,
337832,13.500215481903453,0.3163847062297021,,,
338186,13.651174678397224,0.4478934160023626,,,
338520,13.684331632309965,0.48342781222320713,,,
338793,13.683645447536158,0.4826645999409516,,,
339122,13.664860068007666,0.4622320637732507,,,
339404,13.629861759369483,0.4264437555358729,,,
339746,13.657295006549102,0.4542500738116322,,,
340037,13.665101340415001,0.4624889282550922,,,
340300,13.693274295447454,0.49348538529672226,,,
340724,13.658055075143158,0.45504576321228163,,,
341048,13.620268563576298,0.41712725125479694,,,
341436,13.25316953562709,0.1791304989666373,,,
341795,13.632768624259654,0.4293076468851484,,,
342095,13.624150501692382,0.42087245349867064,,,
342418,13.690032498282164,0.4898154709182172,,,
342678,13.669531266393006,0.4672305875405956,,,
343026,13.610950455558415,0.40827280779450803,,,
343288,13.668301434762547,0.4659093593150286,,,
343535,13.579033852078318,0.37934455270150635,,,
343927,13.596830757405693,0.3952125775022143,,,
344247,13.495867439972582,0.3132329495128428,,,
344550,13.606401042596069,0.40401830528491217,,,
344809,13.687862162944624,0.4873737821080601,,,
344981,13.661343674708633,0.45850457632122904,,,
345308,13.26369930249391,0.18352671981104218,,,
345703,13.556740378406664,0.3603631532329488,,,
345995,13.64079117655881,0.4373117803365804,,,
346393,13.68352721342419,0.48253321523472026,,,
346726,13.628331602623446,0.42494390315913727,,,
347067,13.666877632389488,0.46438441098317124,,,
347304,13.327761521751718,0.2126970770593442,,,
347613,13.687404142155922,0.4868600531443757,,,
347915,13.63373376825718,0.4302627694124598,,,
348201,13.690587117786079,0.4904413935636265,,,
348529,13.644264972702018,0.4408237378210815,,,
348835,13.652548090724425,0.44931207558311204,,,
349118,13.65477403521217,0.45162090345438366,,,
349260,13.581899191817108,0.38185562444641313,,,
349585,13.676914908243692,0.475242102155299,,,
349835,13.66657518014009,0.4640611160318867,,,
350073,13.635754060840863,0.43226896958960703,,,
350408,13.631420999679445,0.42797756126365555,,,
350797,13.650144272270813,0.4468320047239454,,,
351066,13.61947013317064,0.4163610865072341,,,
351367,13.636619357814824,0.43313108945969914,,,
351646,13.6219743402656,0.41876882196634146,,,
351967,13.571570960598008,0.37288160614112775,,,
352267,13.53259754897053,0.340876882196634,,,
352567,13.670115417687338,0.4678594626513148,,,
352779,13.612068654235156,0.40932536167700023,,,
353128,13.628955762346479,0.4255550634780047,,,
353418,13.604573904579942,0.4023221139651603,,,
353764,13.58411646296106,0.3838101564806605,,,
354049,13.617058254835674,0.4140552111012703,,,
354402,13.673174149893638,0.47116622379687,,,
354658,13.667110887709798,0.4646338943017419,,,
354897,13.632342802109632,0.4288869205786834,,,
355152,13.653928552518705,0.45074254502509686,,,
355398,13.652566639921096,0.44933126660761674,,,
355638,13.640952411813318,0.43747416592854976,,,
355946,13.444988844115949,0.2786049601417188,,,
356245,13.609279563640756,0.40670504871567686,,,
356561,13.466363622377902,0.2926601712429876,,,
356871,13.624984474945693,0.42168142899320904,,,
357129,13.617734375480435,0.41470032477118446,,,
357432,13.63399742979431,0.43052406259226444,,,
357678,13.628937683378226,0.42553734868615384,,,
357931,13.633805285510883,0.4303336285798643,,,
358247,13.296068344734888,0.1977280779450844,,,
358574,13.508329882212871,0.32235163861824623,,,
358910,13.607344198263888,0.4048966637142005,,,
359197,13.641530900042547,0.43805727782698517,,,
359487,13.647669357981636,0.44429288455860727,,,
359728,13.497564994171714,0.314459698848538,,,
360026,13.481641055203207,0.3031384706229701,,,
360382,13.603145331900464,0.40100088573959336,,,
360681,13.570574305358008,0.37202686743430813,,,
361000,13.575378093033336,0.3761647475642153,,,
361292,13.645647328166394,0.44222911130794174,,,
361593,13.612871415460921,0.41008266902863955,,,
361842,13.211623997498528,0.1627886034839088,,,
362183,13.650297769971122,0.44698996161795107,,,
362474,13.616404341445058,0.41343224092116976,,,
362727,13.636201741303534,0.43271479185119516,,,
363001,13.580941129572246,0.3810141718334805,,,
363274,13.648423397965283,0.44506495423678727,,,
363534,13.494699204143465,0.31239149689991175,,,
363872,13.647288235791907,0.44390315913788064,,,
364149,13.522582446928785,0.33310599350457615,,,
364507,13.642244526887277,0.4387776793622668,,,
364751,13.503017033140019,0.3184322409211691,,,
365016,13.635090586278995,0.43160909359315,,,
365288,13.611835215217248,0.40910540301151443,,,
365527,13.411241330261346,0.2577753173900205,,,
365831,13.582202977009263,0.38212282255683505,,,
366122,13.638102939529512,0.4346132270445818,,,
366448,13.616982377009103,0.41398287570121,,,
366724,13.526815276785335,0.3363684676705044,,,
367000,13.600001936794607,0.39810894596988494,,,
367254,13.605492409937709,0.4031739002066721,,,
367482,13.625232227628642,0.421922054915854,,,
367722,13.609328428518499,0.4067508119279597,,,
368002,13.594938382476265,0.3934942426926484,,,
368321,13.638135391616702,0.43464570416297554,,,
368562,13.659973995198802,0.4570608207853551,,,
368804,13.610424078888494,0.4077782698553294,,,
369051,13.55081670088901,0.3554812518452908,,,
369360,13.598066746839995,0.3963389430174202,,,
369625,13.610122106491552,0.4074948331857106,,,
369898,13.594490094020347,0.39308827871272595,,,
370150,13.262429368192073,0.18299084735754367,,,
370401,13.609006765095142,0.40644966046648884,,,
370693,13.610744694665703,0.4080794213167995,,,
371250,13.634976194068386,0.4314954236787711,,,
371521,13.651241949517875,0.4479627989371128,,,
371782,13.384771224197396,0.2425332152347208,,,
372080,13.600507312217848,0.39857248302332376,,,
372322,13.499753218411833,0.3160481251845296,,,
372651,13.565795201859054,0.36795541777384116,,,
372913,13.620746304068104,0.417586359610275,,,
373193,13.61519153338553,0.4122793032181875,,,
373498,13.553300255576703,0.35751992914083275,,,
373763,13.550993410485832,0.355625922645409,,,
374042,13.523511069870207,0.33381901387658713,,,
374378,13.608822174101384,0.406276941245941,,,
374643,13.59278072782017,0.3915441393563623,,,
374902,13.298196641011032,0.1986994390315914,,,
375205,13.620259341548717,0.4171183938588725,,,
375440,13.584980873670274,0.3845748449955707,,,
375668,13.571130579879746,0.3725036905816353,,,
375932,13.566564653630438,0.36860791260702624,,,
376220,13.338426495225015,0.21798494242692665,,,
376522,13.57103246554782,0.37241954532034177,,,
376813,13.608143087910376,0.40564216120460517,,,
377091,13.604157789204907,0.40193681724239805,,,
377361,13.562136508497765,0.364868615293771,,,
377648,13.517917094351244,0.3295467965751405,,,
377922,13.582555168881202,0.3824328314142306,,,
378250,13.587403052170723,0.3867257159728371,,,
378515,13.579918548214902,0.3801180986123418,,,
378801,13.595387836292492,0.39390168290522526,,,
379085,13.613312068192727,0.4104989666371421,,,
379327,13.618784373672655,0.4157041629760851,,,
379476,13.568698740513224,0.3704236787717741,,,
379741,13.521273624607204,0.3321036315323301,,,
380033,13.529477412731206,0.338436669619132,,,
380330,13.566700297835329,0.36872305875406,,,
380618,13.325667614868005,0.21167404782993843,,,
380994,13.563567960685289,0.3660732211396512,,,
381193,13.48565144241881,0.3059506938293473,,,
381491,13.483807685152195,0.3046545615589013,,,
381774,13.456015293213762,0.2857691172128725,,,
382037,13.59074721902456,0.38971508709772634,,,
382335,13.554444628068268,0.35846324180690853,,,
383037,13.600235383879767,0.3983229997047542,,,
383316,13.41251287551749,0.2585311485090053,,,
383642,13.558391791489905,0.3617360496014174,,,
383910,13.565177959441186,0.3674328314142314,,,
384138,13.541623088425169,0.34803513433717176,,,
384418,13.60193014518069,0.3998804251550052,,,
384671,13.560929444996281,0.36385591969294323,,,
384997,13.609183394115037,0.4066149985237676,,,
385267,13.595496872708026,0.3940005904930612,,,
385508,13.409516819721075,0.25675376439326786,,,
385728,13.530555855813036,0.33927812223206316,,,
385984,13.600037364428584,0.39814142308827877,,,
386208,13.45428436232145,0.2846324180690874,,,
386496,13.592166263238253,0.3909905521110125,,,
386767,13.354623299048164,0.22626808385001482,,,
387056,13.590839334769436,0.38979775612636525,,,
387249,13.57502173588211,0.37585621493947485,,,
387541,13.558756740391308,0.3620401535281962,,,
387800,13.517381763396637,0.3291408325952175,,,
388049,13.553662339446634,0.35781812813699454,,,
388284,13.56678548855854,0.36879539415411905,,,
388477,13.394021814552223,0.24775465013286074,,,
388758,13.544307940024531,0.35019338647770865,,,
388940,13.576122259894532,0.37680986123413,,,
389224,13.575740969812676,0.37647918511957557,,,
389425,13.48108658711016,0.3027516976675519,,,
389725,13.55942914352732,0.3626011219368174,,,
389985,13.601808278916566,0.39976823147328006,,,
390240,13.590044193261498,0.38908473575435554,,,
390757,13.468723116885435,0.29425450250959545,,,
391037,13.374139802947425,0.2366681428993211,,,
391255,13.57312249207976,0.3742161204605848,,,
391473,13.591601828824501,0.3904827280779444,,,
391681,13.580503415835892,0.3806303513433712,,,
391908,13.580151241207771,0.3803218187186301,,,
392165,13.588360213703682,0.3875789784470033,,,
392474,13.548229970418845,0.3533702391496907,,,
392756,13.507435954368509,0.3216888101564801,,,
393047,13.589747494473816,0.38881901387658624,,,
393301,13.361069492723766,0.229651609093593,,,
393602,13.532179811534856,0.34054915854738654,,,
393879,13.592181020574966,0.3910038382049016,,,
394051,13.558531783877548,0.3618526719811042,,,
394256,13.581181684215398,0.3812252731030408,,,
394455,13.538951192198052,0.3459005019191029,,,
394682,13.547007226698144,0.3523767345733692,,,
394937,13.590936364154786,0.3898848538529674,,,
395145,13.561867585158053,0.3646427516976678,,,
395365,13.506622055933557,0.3210865072335403,,,
395655,13.317584697378656,0.20777088869205781,,,
395997,13.511069857035405,0.3243917921464424,,,
396304,13.536158303971817,0.3436832004723941,,,
396840,13.566905422678492,0.3688972542072626,,,
397076,13.482057498668429,0.30342928845586103,,,
397390,13.604624895130033,0.40236935341009705,,,
397640,13.574202199337483,0.3751476232654263,,,
397897,13.56837150095917,0.37014467080011865,,,
398183,13.574465302508422,0.37537496309418444,,,
398410,13.296078071919656,0.19773250664304723,,,
398715,13.568606999798845,0.3703454384410982,,,
398918,13.55309218969008,0.3573486861529374,,,
399204,13.528696235723523,0.3378284617655739,,,
399438,13.59735927770797,0.39569382934750563,,,
399557,13.5958384513759,0.3943105993504576,,,
399805,13.562972095551755,0.3655713020372015,,,
399984,13.575139417229405,0.3759580749926182,,,
400206,13.49734678801454,0.3143017419545314,,,
400518,13.531529826504677,0.3400398582816655,,,
400818,13.568089080324212,0.3699040448774724,,,
401079,13.463499767195657,0.29073664009447897,,,
401361,13.476126380540721,0.29931355181576624,,,
401658,13.545697092796035,0.35131532329495124,,,
401891,13.537264962953229,0.3445600826690292,,,
402132,13.577576256600377,0.378073516386183,,,
402382,13.35618737801942,0.22708444050782425,,,
402658,13.511340535985081,0.3245940360200763,,,
402886,13.500077665327318,0.3162843224092124,,,
403150,13.398703551754554,0.2504399173309714,,,
403445,13.548231784715254,0.3533717153823435,,,
403668,13.556772400906667,0.36038972542072695,,,
403874,13.448897016845224,0.2811234130498966,,,
404119,13.570067354812563,0.3715928550339533,,,
404345,13.577566081956906,0.37806465899025765,,,
404558,13.485357973279362,0.3057440212577501,,,
404802,13.524949106986679,0.33492618836728666,,,
405038,13.535091830515006,0.34284027162680825,,,
405295,13.55187947980959,0.3563522291113084,,,
405534,13.508009553943712,0.32211396516090945,,,
405783,13.424873441790723,0.26599498080897516,,,
406021,13.216686670194878,0.16469737230587542,,,
406286,13.528736087001409,0.3378594626513135,,,
406572,13.30264900697546,0.20074697372305833,,,
406809,13.52597200478713,0.3357159728373194,,,
407092,13.53687404204728,0.34425007381163275,,,
407317,13.533724562661005,0.3417626217891944,,,
407535,13.551344812791621,0.3559137880129914,,,
407778,13.56465767895441,0.3669929140832595,,,
408017,13.45787564186265,0.28699586654856785,,,
408271,13.572657957375705,0.37381606141127804,,,
408502,13.509047276134012,0.32288455860643683,,,
408807,13.507690981047048,0.3218777679362272,,,
409108,13.584261764179459,0.3839385887215827,,,
409307,13.576448813738729,0.37709329790374896,,,
409475,13.428292174748067,0.2680971361086502,,,
409730,13.456891612459689,0.2863463241806906,,,
410014,13.450944688758446,0.28245202243873685,,,
410258,13.49147335839235,0.31007971656333005,,,
410554,13.489631364469584,0.3087673457336882,,,
410804,13.529223494749475,0.3382388544434603,,,
411042,13.578370837925798,0.3787658695010337,,,
411304,13.553154978691872,0.3574003542958373,,,
411542,13.525274401153926,0.3351771479185113,,,
411820,13.293525332715275,0.19657366400944798,,,
412124,13.36703331527697,0.23282698553291964,,,
412418,13.546461058759588,0.35193386477708954,,,
412598,13.50056995594483,0.3166430469441988,,,
412861,13.45368930859887,0.2842426926483614,,,
413123,13.562206787803353,0.3649276645999407,,,
413318,13.371643124751483,0.2353114850900505,,,
413553,13.53980480707381,0.34658104517271854,,,
413781,13.36581726290975,0.2321759669323889,,,
414078,13.483279155456506,0.3042840271626802,,,
414351,13.43511116004906,0.2723398287570118,,,
414586,13.554015170318877,0.35810894596988424,,,
414805,13.514703005273622,0.32711691762621803,,,
415055,13.558795697398073,0.3620726306465899,,,
415220,13.562008219440546,0.36476085031000843,,,
415476,13.547460025032443,0.35274431650428173,,,
415683,13.534427463927807,0.3423162090345441,,,
415925,13.412388865076592,0.25845733687629135,,,
416160,13.542590960030484,0.3488116327133154,,,
416372,13.449056626932354,0.281226749335695,,,
416595,13.481143759679444,0.30279155594921797,,,
416816,13.557108494678436,0.3606687333923826,,,
417027,13.462568192878889,0.2901136699143788,,,
417300,13.548853641659944,0.35387806318275744,,,
417490,13.561401408552523,0.36425155004428655,,,
417724,13.505125935665824,0.31998228520814864,,,
417979,13.53690756334485,0.3442766459994099,,,
418188,13.542973098192853,0.34911868910540295,,,
418429,13.476115670574583,0.29930617065249515,,,
418644,13.487412279001022,0.30719368172423966,,,
418861,13.418225916509638,0.26195453203424895,,,
419060,13.455029283354193,0.28512105107765034,,,
419292,13.475622726406192,0.29896663714201344,,,
419484,13.528022005358293,0.33730439917331007,,,
419652,13.502023309154803,0.31770445822261534,,,
419875,13.553859386950268,0.3579805137289633,,,
420086,13.512652023979362,0.32557573073516377,,,
420334,13.547278235034057,0.352596693238855,,,
420557,13.55827125556442,0.36163566578092654,,,
420790,13.500249929215142,0.3164098021848242,,,
421036,13.531186543493794,0.33977118393858874,,,
421242,13.237013897692531,0.1725893120755834,,,
421506,13.4964871726614,0.3136802480070857,,,
421793,13.473890849244489,0.2977767936226744,,,
422001,13.292012639341731,0.1958901682905228,,,
422259,13.531780515680675,0.34023619722468307,,,
422748,13.47615208338192,0.2993312666076177,,,
423015,13.29773176473069,0.19848686152937667,,,
423286,13.478836065580484,0.3011868910540304,,,
423516,13.508089160667774,0.32217301446708063,,,
423771,13.533313541515259,0.3414393268379092,,,
423997,13.525276313928375,0.3351786241511668,,,
424138,13.526554075684247,0.3361662237968706,,,
424369,13.550333086741873,0.355085621493947,,,
424609,13.377206306649931,0.23834514319456776,,,
424819,13.405409837227214,0.2543371715382341,,,
425053,13.279262823739337,0.19022291113079454,,,
425268,13.509801149583447,0.32344552701505785,,,
425469,13.508302036958153,0.32233097136108596,,,
425716,13.447203823191979,0.28002952465308517,,,
425938,13.538448608398452,0.34550044286979575,,,
426098,13.490266273768292,0.3092190729258925,,,
426327,13.444171156523987,0.2780808975494534,,,
426556,13.551967627643473,0.356424564511367,,,
426793,13.457708067133858,0.286885149099498,,,
427088,13.515799170303348,0.3279436079126073,,,
427299,13.49320873516018,0.3113212282255688,,,
427509,13.513065356624201,0.3258857395925597,,,
427757,13.501223454896047,0.31711987009152703,,,
427968,13.530111558941778,0.33893120755831124,,,
428161,13.404905394953968,0.25404192500738143,,,
428403,13.532755507060878,0.3410008857395925,,,
428594,13.540289195086217,0.34696781812813626,,,
428825,13.513328896771291,0.32608355476823103,,,
429065,13.409294527918757,0.25662237968703905,,,
429315,13.240115723492321,0.17382639503985794,,,
429523,13.537596039646944,0.344822852081488,,,
429714,13.415887214281137,0.26054768231473285,,,
429936,13.491341012061323,0.309985237673457,,,
430220,13.542443894234873,0.3486935341009747,,,
430391,13.47119769887477,0.2959359315028049,,,
430918,13.430774484239324,0.2696338943017418,,,
431146,13.456019780167356,0.2857720696781809,,,
431416,13.238767411984313,0.17328757012105112,,,
431712,13.468483383483408,0.29409211691762666,,,
431904,13.440201415837453,0.27555063478004177,,,
432157,13.474153438407697,0.29795689400649483,,,
432353,13.489068299450187,0.3083672866843819,,,
432572,13.395073741652944,0.24835547682314696,,,
432797,13.540933591497058,0.34748302332447595,,,
433088,13.265226692723093,0.18417330971361112,,,
433307,13.442105119546191,0.27676114555653925,,,
433569,13.532909648848443,0.34112193681724295,,,
433798,13.52027635235227,0.33134189548272874,,,
434001,13.504955595417362,0.3198568054325365,,,
434258,13.42279322536313,0.26472394449365166,,,
434473,13.527915552245267,0.3372217301446712,,,
434650,13.53889929165427,0.3458591674047835,,,
434807,13.503877898734299,0.3190640684971951,,,
435007,13.52499695964779,0.3349630941836437,,,
435193,13.497326389312692,0.31428697962798996,,,
435377,13.449749111002905,0.28167552406259255,,,
435634,13.480887483133738,0.30261293179805154,,,
435824,13.5036045375785,0.31886330085621534,,,
436030,13.500486933688876,0.31658252140537385,,,
436208,13.492237696054758,0.3106259226454085,,,
436420,13.528984600546648,0.33805284912902306,,,
436656,13.504682911975863,0.31965603779155655,,,
436888,13.436357053012818,0.27312223206377273,,,
437108,13.497473238585211,0.3143932683790964,,,
437309,13.429025705798976,0.2685503395335102,,,
437551,13.462528413012418,0.29008709772660213,,,
437775,13.418162278239004,0.2619161499852374,,,
438034,13.468574933673418,0.2941541186891058,,,
438224,13.470134856617959,0.2952125775022145,,,
438450,13.541954542069394,0.3483008562149391,,,
438675,13.476229182779754,0.29938441098317137,,,
438932,13.35820133604393,0.2281399468556243,,,
439172,13.4732401496713,0.29733097136108605,,,
439379,13.504454207109404,0.31948774726897,,,
439582,13.483795058477332,0.30464570416297615,,,
439824,13.435021694406059,0.2722837319161504,,,
440056,13.461929064217033,0.2896870386772955,,,
440280,13.504646808687209,0.31962946560377875,,,
440463,13.499020293449396,0.31551520519633897,,,
440877,13.40557365489057,0.2544331266607613,,,
441126,13.513254177749456,0.3260274579273696,,,
441307,13.530859984275327,0.3395157956894014,,,
441455,13.206553414265093,0.16089902568644804,,,
441679,13.494713569975088,0.3124018305284912,,,
441897,13.481685466673639,0.30316947150870915,,,
442119,13.497189693289974,0.3141880720401537,,,
442292,13.477642385948329,0.30036020076764103,,,
442534,13.47842717348776,0.30090345438441046,,,
442729,13.52313832116798,0.3335326247416588,,,
442919,13.399580736400221,0.25094626513138474,,,
443161,13.410414818452814,0.25728520814880385,,,
443409,13.379604425594465,0.2396648951874813,,,
443625,13.495627900380827,0.3130602302922938,,,
443814,13.493873396675008,0.3117980513728969,,,
444019,13.2999901378523,0.19952170062001764,,,
444296,13.445359175886791,0.27884263359905576,,,
444797,13.476627311768453,0.299658990256865,,,
445014,13.49141752970217,0.31003985828166514,,,
445207,13.416359404532846,0.26083111898435185,,,
445446,13.500081719380319,0.31628727487451996,,,
445642,13.421806415197995,0.2641231178033657,,,
445874,13.395605197075849,0.24865958074992575,,,
446078,13.512411716618537,0.3253956303513433,,,
446287,13.450565460665894,0.2822054915854737,,,
446516,13.224563722107977,0.16771183938588696,,,
446757,13.43649083265503,0.2732063773250664,,,
446977,13.356526037818293,0.2272615884263358,,,
447250,13.462256486361653,0.2899055211101267,,,
447476,13.47353761018046,0.2975346914673759,,,
447719,13.49313871157992,0.31127103631532377,,,
447908,13.466229971395496,0.29257012105107794,,,
448402,13.516289590601408,0.32831414230882777,,,
448598,13.363183245044095,0.23077206967818126,,,
448832,13.466346096723377,0.29264836138175426,,,
449048,13.449471338842029,0.2814954236787718,,,
449263,13.298683581550165,0.19892235016238566,,,
449470,13.45003580407519,0.28186152937703013,,,
449696,13.291989728767478,0.19587983466194245,,,
449899,13.520338265343687,0.3313891349276646,,,
450093,13.504295647969869,0.3193711248892832,,,
450278,13.498715389866698,0.3152937702981986,,,
450464,13.47418786455717,0.2979805137289632,,,
450682,13.473065458349497,0.2972113965160907,,,
450856,13.49463557831926,0.3123457336876291,,,
451061,13.499755246957953,0.3160496014171833,,,
451236,13.410280236957501,0.25720549158547396,,,
451429,13.481689696100638,0.30317242397401795,,,
451591,13.471968258201528,0.29646147032772374,,,
451791,13.38612782645696,0.24329199881901348,,,
452008,13.430546161048872,0.2694921759669325,,,
452231,13.289195413789331,0.19462356067316194,,,
452447,13.519424152463081,0.33069235311485157,,,
452685,13.44021072248016,0.2755565397106584,,,
452873,13.441803868913038,0.2765692353114845,,,
453086,13.505556498306643,0.3202996752288162,,,
453240,13.494253627499644,0.31207115441393607,,,
453488,13.451071780961977,0.2825346914673749,,,
453741,13.400137327875903,0.25126808385001437,,,
454007,13.46502086321282,0.2917567168585764,,,
454202,13.450185901140065,0.28195896073221166,,,
454403,13.494058415415036,0.31193091231177983,,,
454636,13.452471869759297,0.28344700324771166,,,
454855,13.436650375534176,0.2733067611455563,,,
455071,13.46431050745079,0.2912798937112493,,,
455253,13.469467625625759,0.2947593740773551,,,
455724,13.481605099733814,0.30311337466784793,,,
455902,13.518045475650911,0.3296442279303215,,,
456020,13.344704308526797,0.22115884263359917,,,
456225,13.527051557013683,0.3365515205196345,,,
456500,13.445359175886791,0.27884263359905576,,,
456694,13.447460168362339,0.2801948627103633,,,
456914,13.428700906778412,0.2683495718925307,,,
457169,13.43781467005822,0.274040448774727,,,
457383,13.47129517655698,0.2960023619722464,,,
457575,13.492349135633516,0.31070563920873967,,,
457791,13.427344157907168,0.2675125479775607,,,
458019,13.368125133370343,0.23341304989666406,,,
458218,13.425396155665322,0.2663153232949512,,,
458396,13.453971159151381,0.28442722173014495,,,
458542,13.508936068276826,0.322801889577798,,,
458727,13.470299876146603,0.29532477118393896,,,
458870,13.47068178606881,0.2955845881310895,,,
459072,13.444401646855317,0.27822852081488025,,,
459253,13.475519780495018,0.29889577797460865,,,
459453,13.355732594216368,0.22684676705048737,,,
459680,13.491299645560497,0.30995571302037256,,,
459870,13.467988242197947,0.2937570121051074,,,
460069,13.213772953515274,0.16359610274579306,,,
460280,13.374413319695448,0.2368172423974015,,,
460467,13.441472251684344,0.2763581340419249,,,
460706,13.455775173588039,0.28561116031886624,,,
460938,13.38656504719385,0.24353705343962212,,,
461161,13.42385994677653,0.26537496309418385,,,
461395,13.488175457769968,0.3077339828757015,,,
461541,13.250973605546259,0.1782270445822262,,,
461789,13.459986008175232,0.2883938588721578,,,
462015,13.495056156846122,0.31264836138175345,,,
462229,13.504923523897473,0.31983318571006736,,,
462370,13.402744809541446,0.2527812223206377,,,
462578,13.434929855236001,0.27222615884263385,,,
462730,13.36156055518897,0.22991142604074405,,,
462928,13.269404698694576,0.18595364629465622,,,
463130,13.322408536455141,0.21009152642456444,,,
463316,13.483691926889252,0.3045733687629165,,,
463562,13.312647381418591,0.20542220253912005,,,
463817,13.476689352767728,0.29970180100383764,,,
463994,13.415214933573175,0.2601446708001182,,,
464179,13.47835046334327,0.30085031000885787,,,
464372,13.443982063129493,0.277959846471804,,,
464569,13.445207401053732,0.2787452022438742,,,
464734,13.427768148494133,0.26777384115736674,,,
464933,13.512789845241436,0.32567906702096217,,,
465053,13.447366345275361,0.28013433717153785,,,
465241,13.462201195891076,0.2898686152937709,,,
465460,13.459905970285437,0.288340714496605,,,
465673,13.442378381625437,0.2769353410097431,,,
465876,13.370748549150294,0.234827280779451,,,
466108,13.280585359457369,0.19080307056392107,,,
466391,13.228737156935999,0.1693312666076171,,,
466655,13.398104104308956,0.2500944788898732,,,
466914,13.44734116977873,0.2801180986123417,,,
467092,13.401985804002424,0.25233982875701233,,,
467346,13.312815881938185,0.20550191910245094,,,
467551,13.467037822876334,0.29311485090050227,,,
467729,13.450069921599926,0.281883672866844,,,
467904,13.410718719482688,0.2574653085326248,,,
468106,13.416352030506989,0.26082669028638944,,,
468340,13.450545013816827,0.2821922054915849,,,
468554,13.441922076763742,0.27664452317685256,,,
468774,13.44475175804623,0.2784529081783285,,,
468929,13.42682378478641,0.26719220549158496,,,
469126,13.438999183564013,0.2747888987304395,,,
469324,13.359766605504994,0.22896368467670544,,,
469541,13.221787197763948,0.16664304694419851,,,
469793,13.456152124447684,0.28585916740478284,,,
469986,13.2409300684902,0.17415264245645115,,,
470231,13.31164438779912,0.20494833185710093,,,
470436,13.343586791423254,0.2205904930617066,,,
470878,13.328285682793172,0.21295394154118719,,,
471086,13.212112079443733,0.162971656333038,,,
471308,13.385526588038042,0.24295541777384164,,,
471447,13.399506640628125,0.2509034543844115,,,
471636,13.460732318035964,0.2888898730439922,,,
471854,13.309122002875322,0.2037614408030709,,,
472066,13.459919310958119,0.2883495718925306,,,
472256,13.369895897926515,0.2343666961913201,,,
472486,13.378195055889737,0.23888839681133747,,,
472702,13.21622708690731,0.16452317685267218,,,
472878,13.247223560017035,0.1766947150870979,,,
473159,13.457844366154593,0.2869751992914086,,,
473340,13.463605601795186,0.2908074992618838,,,
473522,13.47126485251145,0.2959816947150866,,,
473668,13.26009322777721,0.1820091526424564,,,
473851,13.382151630252013,0.24107469737230577,,,
474082,13.40710299524666,0.25533067611455584,,,
474255,13.381563499626903,0.2407484499557127,,,
474475,13.279875796478953,0.19049158547387063,,,
474669,13.407572287151917,0.255606731620903,,,
474875,13.451629638731923,0.2828978447003242,,,
475005,13.319518209729093,0.2086979627989367,,,
475183,13.426650988571174,0.2670859167404787,,,
475388,13.474521226686033,0.2982093297903748,,,
475603,13.338899757456556,0.2182226158842632,,,
475784,13.247879804960466,0.17696191319751964,,,
475985,13.451155732196284,0.2825893120755836,,,
476100,13.335573079669562,0.21655742545025058,,,
476300,13.433949027098544,0.27161204605845884,,,
476462,13.469730728326235,0.29493799822852107,,,
476613,13.460090479892093,0.2884632418069086,,,
476766,13.395259567002224,0.24846176557425428,,,
476957,13.44045960117976,0.2757144966046649,,,
477156,13.445067077132228,0.27865515205196334,,,
477303,13.282031158489337,0.19143932683790926,,,
477502,13.459661318632712,0.2881783289046358,,,
477701,13.364988066060402,0.2317330971361082,,,
477902,13.424222180851608,0.26559639799232376,,,
478047,13.434137820007848,0.2717301446707996,,,
478263,13.387177994982949,0.24388101564806616,,,
478482,13.411922268680035,0.25817980513728955,,,
478657,13.44781696860137,0.28042515500442877,,,
478824,13.434196800965106,0.27176705048715666,,,
479004,13.436690252097858,0.2733318571006791,,,
479202,13.387522234155142,0.2440744021257749,,,
479399,13.34098360825281,0.2192722173014471,,,
479616,13.482798498627737,0.30394744611750873,,,
479756,13.254655880295733,0.17974461175081172,,,
479958,13.374432269920158,0.2368275760259814,,,
480171,13.4175768584232,0.26156333038086815,,,
480368,13.379486706685592,0.23959994095069384,,,
480567,13.460858797033746,0.288974018305285,,,
480706,13.369068977807482,0.2339208739297315,,,
480949,13.478034956985839,0.30063182757602647,,,
481090,13.407557237529394,0.25559787422497754,,,
481292,13.415604145958433,0.26037791555949225,,,
481493,13.43179333928329,0.2702671981104222,,,
481874,13.438212204341434,0.2742914083259523,,,
482060,13.432236708649159,0.2705432536167702,,,
482246,13.418169621592313,0.2619205786832002,,,
482471,13.384194573685683,0.2422113965160909,,,
482638,13.40964664543767,0.25683052849129057,,,
482832,13.360180821728035,0.22918216710953657,,,
482992,13.416971012623192,0.2611987009152638,,,
483154,13.198587288568833,0.15797460879834643,,,
483368,13.430572329171058,0.26950841452612917,,,
483541,13.318777226479153,0.20834219072925864,,,
483781,13.289741899136688,0.1948686152937706,,,
484015,13.352481604293022,0.22515500442869815,,,
484185,13.370188502215958,0.2345246530853267,,,
484395,13.245106678483177,0.175835547682315,,,
484578,13.429483832451382,0.26883377620312937,,,
484733,13.442549661688524,0.2770445822261583,,,
484910,13.397013243696897,0.24946708001180995,,,
485111,13.205400332881322,0.16047239444936492,,,
485362,13.35139536502968,0.2245925597874227,,,
485559,13.439253420887912,0.2749498080897547,,,
485731,13.43222959934296,0.2705388249188075,,,
485904,13.456922956853122,0.2863669914378504,,,
486088,13.358341823497815,0.2282137584883382,,,
486362,13.472985637693176,0.29715677590788286,,,
486530,13.22389039719496,0.16745202243873644,,,
486925,13.375961800943962,0.23766312370829665,,,
487155,13.44099176934228,0.27605255388249167,,,
487258,13.414630460193905,0.2597948036610565,,,
487456,13.437601722673561,0.2739061116031882,,,
487613,13.399079704998726,0.2506569235311485,,,
488032,13.397316392808069,0.24964127546501347,,,
488198,13.421847678216391,0.26414821375848857,,,
488383,13.197636589758341,0.15762917035724847,,,
488579,13.457079644895916,0.2864703277236492,,,
488693,13.213361272074287,0.163441098317095,,,
488869,13.438541648108282,0.27449955713020374,,,
489008,13.430124875220455,0.26923088278712676,,,
489185,13.393768143909497,0.2476099793327426,,,
489374,13.450572276068334,0.28220992028343705,,,
489544,13.314497301191313,0.20629908473575398,,,
489802,13.358768626498836,0.22843814585178582,,,
490009,13.262807588098292,0.18315028048420448,,,
490221,13.387524860885973,0.24407587835842964,,,
490394,13.207842512478173,0.16137732506643018,,,
490559,13.398872477186199,0.2505373486861525,,,
490737,13.31354841087203,0.20584883377620286,,,
490944,13.375691957275162,0.23751550044286948,,,
491115,13.41162169392673,0.25800118098612373,,,
491316,13.375716250072367,0.23752878653675835,,,
491537,13.4081513014289,0.2559477413640393,,,
491716,13.325846277686653,0.2117611455565394,,,
491905,13.378339954884117,0.23896811337466808,,,
492100,13.395251825866584,0.24845733687629196,,,
492260,13.381403688588724,0.2406598759964569,,,
492462,13.416519144355798,0.2609270741068795,,,
492644,13.366239544481166,0.23240183052849095,,,
492822,13.400356704601217,0.25139503985828204,,,
493022,13.431218894438333,0.26990994980808947,,,
493180,13.360533154194641,0.22936817242397423,,,
493415,13.350292093076689,0.22402273398287578,,,
493631,13.236065611431208,0.17221287274874517,,,
493822,13.312335170682225,0.20527457927369328,,,
493993,13.213714165768057,0.16357395925597878,,,
494212,13.393750018906896,0.24759964570416274,,,
494403,13.42152718000423,0.2639533510481255,,,
494574,13.406062220494368,0.25471951579568936,,,
494687,13.267379609354691,0.1850885739592563,,,
495049,13.295896461870512,0.19764983761440807,,,
495259,13.392803879899008,0.247060820785356,,,
495451,13.429395585210955,0.2687791555949214,,,
495642,13.412872305679162,0.2587452022438737,,,
495838,13.262040298635645,0.1828269855329202,,,
496025,13.381909555267393,0.2409403602007673,,,
496204,13.364703009659127,0.23158104517271932,,,
496361,13.340284244617573,0.2189193976970771,,,
496564,13.288915320521797,0.1944980808975494,,,
496753,13.348396277670165,0.22304694419840534,,,
496941,13.369436083715321,0.23411868910540348,,,
497126,13.327785634989434,0.21270888692057893,,,
497544,13.380082998839892,0.23992914083259534,,,
497735,13.445439641023645,0.2788943017419547,,,
497862,13.41703237150482,0.26123560673162144,,,
498045,13.346055994082736,0.2218482432831416,,,
498721,13.350171878696358,0.22396073221139656,,,
498889,13.412636850557982,0.25860496014171835,,,
499075,13.423115211024237,0.2649202834366692,,,
499229,13.384173397627562,0.24219958665485664,,,
499393,13.276242614836315,0.18890463537053476,,,
499581,13.420907365135948,0.2635769117212875,,,
499734,13.401098193419505,0.25182462356067287,,,
499953,13.37805547781812,0.23881163271331585,,,
500093,13.398926212410823,0.2505683495718923,,,
500494,13.408987128251347,0.2564408030705644,,,
500868,13.384128395075415,0.24217449069973446,,,
501037,13.396442338138645,0.24913935636256304,,,
501233,13.417692045172947,0.26163271331561866,,,
501384,13.372492355877418,0.23577206967818168,,,
501572,13.382196838097089,0.2410997933274283,,,
501783,13.41035750180342,0.2572512547977557,,,
501944,13.433062964682598,0.2710584588131084,,,
502129,13.378036685036049,0.23880129908473594,,,
502329,13.354274644570605,0.22608650723354035,,,
502508,13.340175874191083,0.21886477708886884,,,
502674,13.342670315545119,0.22012547977561264,,,
503043,13.337487263317133,0.2175140242102157,,,
503217,13.396027833024753,0.2489016829052257,,,
503346,13.306923390152434,0.20273250664304657,,,
503536,13.38521773433666,0.2427826985532915,,,
503682,13.442021717212914,0.27670800118098665,,,
503835,13.379794313845538,0.23976970770593437,,,
504007,13.385331270201133,0.24284617655742516,,,
504115,13.185703471256303,0.1533569530558018,,,
504472,13.401612160479583,0.25212282255683505,,,
504689,13.41231692279244,0.25841452612931826,,,
505072,13.303899124865168,0.20132565692353116,,,
505308,13.350829788079075,0.2243002657218777,,,
505479,13.261303266236874,0.18251697667552438,,,
505656,13.31573241559472,0.20688662533215238,,,
505817,13.358922958509291,0.22851933864777071,,,
506030,13.361086242634686,0.22966046648951893,,,
506236,13.371547754764642,0.23525981694715117,,,
506414,13.402795531842068,0.2528107469737227,,,
506598,13.412483116240953,0.25851343371715413,,,
506879,13.391173767385656,0.24613522291113124,,,
507014,13.307037221352065,0.20278565101860035,,,
507145,13.39530343083137,0.2484868615293766,,,
507308,13.389838085665733,0.2453793917921461,,,
507478,13.299356659310906,0.19923088278712692,,,
507629,13.299778009373984,0.19942426926483628,,,
507802,13.365449847648343,0.2319796279893711,,,
507944,13.350601063058468,0.22418216710953673,,,
508110,13.363172132297233,0.23076616474756453,,,
508319,13.335356908894171,0.2164496604664897,,,
508495,13.391124274394816,0.2461071744906995,,,
508875,13.215852829520928,0.16438145851786257,,,
509087,13.392302758342728,0.24677590788308257,,,
509275,13.391197209465451,0.24614850900501883,,,
509471,13.404857442448776,0.2540138765869502,,,
509598,13.329112810369907,0.21335990552110973,,,
510003,13.335214710548223,0.21637880129908477,,,
510161,13.239225938134478,0.1734706229701801,,,
510345,13.296142914251009,0.19776203129613218,,,
510516,13.390837625120591,0.24594478889873003,,,
510687,13.364409455158206,0.2314245645113674,,,
510818,13.318164422841397,0.20804842043105953,,,
510985,13.324296432089849,0.21100679067020983,,,
511138,13.400129673198844,0.2512636551520521,,,
511238,13.363188801310894,0.2307750221434894,,,
511388,13.382271287820192,0.24114112784174757,,,
511592,13.276985239303606,0.18922793032181884,,,
511761,13.341056698423113,0.21930912311780368,,,
511920,13.314904221754865,0.20649247121346329,,,
512090,13.263468681384236,0.18342928845586062,,,
512277,13.35694617320751,0.22748154709182145,,,
512428,13.307520671370385,0.20301151461470363,,,
512578,13.386986048590659,0.243773250664305,,,
512738,13.213137624330294,0.1633569530558018,,,
512945,13.390081005242859,0.24551668142899327,,,
513092,13.349664895022915,0.22369943903159115,,,
513228,13.383190221950167,0.2416519043401236,,,
513393,13.286661420562483,0.19349129022733946,,,
513942,13.360424129448765,0.22931059935045747,,,
514081,13.294388764183994,0.19696486566282848,,,
514265,13.337236654654042,0.2173885444346025,,,
514432,13.357486957108748,0.22776498376144103,,,
514599,13.374499942544853,0.2368644818423388,,,
514759,13.395202795469663,0.24842928845586051,,,
514904,13.261074883435485,0.1824210215529971,,,
515039,13.386543986407176,0.2435252435783877,,,
515128,13.353849077025737,0.22586507233540035,,,
515510,13.196671576472504,0.1572793032181871,,,
515680,13.370407143051704,0.23464275169766716,,,
516096,13.355588432886638,0.2267714791851197,,,
516277,13.228589470567998,0.16927369353410104,,,
516482,13.339920950643881,0.2187363448479484,,,
516674,13.344423023133949,0.2210156480661355,,,
516788,13.385661147866685,0.2430307056392085,,,
516973,13.341620540883959,0.2195940360200765,,,
517139,13.406344028943119,0.2548848538529667,,,
517288,13.22843794518157,0.16921464422793003,,,
517707,13.205907427422137,0.16065987599645679,,,
517893,13.306268281119623,0.2024269264836142,,,
518082,13.32498256462713,0.21134041925007363,,,
518237,13.314770694440304,0.20642899320932964,,,
518434,13.391738629729382,0.2464555653971066,,,
518580,13.355551678226133,0.2267522881606143,,,
518724,13.314086888351504,0.20610422202539133,,,
518899,13.3988980662176,0.25055211101269514,,,
519152,13.199142929905367,0.15817685267198087,,,
519326,13.362078916168363,0.23018600531443734,,,
519473,13.418404543362268,0.2620622970180096,,,
519627,13.354529785073591,0.22621936817242433,,,
519783,13.357486957108748,0.22776498376144103,,,
519924,13.326375777867778,0.21201948627103595,,,
520097,13.359012726448254,0.2285665780927079,,,
520245,13.322634297713313,0.21020076764097997,,,
520427,13.37877704220294,0.23920873929731337,,,
520634,13.33814111292002,0.2178417478594623,,,
520814,13.395483999934312,0.2485901978151752,,,
520968,13.305320264505932,0.20198553291998853,,,
521156,13.345515245888937,0.221572187776794,,,
521338,13.386022406218824,0.24323294951284297,,,
521452,13.196071944669542,0.15706229701800972,,,
521642,13.235316676687152,0.17191614998523783,,,
521970,13.344039950128082,0.22082078535577235,,,
522130,13.325822056526638,0.21174933569530582,,,
522339,13.179798162253574,0.15128579864186578,,,
522503,13.202578563178339,0.15943312666076184,,,
522727,13.37730582078631,0.23839976380277483,,,
522916,13.31667964338232,0.20733835252435812,,,
523101,13.24944209506375,0.17759964570416298,,,
523668,13.290024747870577,0.19499557130203726,,,
523868,13.301827457078451,0.20036758193091223,,,
524041,13.345335811666674,0.22148066135222894,,,
524230,13.206876047718591,0.16101860053144357,,,
524415,13.269094291253063,0.18582078535577226,,,
524584,13.350088854104403,0.22391792146442294,,,
524732,13.361133697207718,0.22968556244464117,,,
524929,13.234420731213495,0.17156185414821395,,,
525082,13.378790442838017,0.2392161204605845,,,
525230,13.326720362487203,0.21218777679362247,,,
525424,13.308656082427298,0.20354295837023886,,,
525565,13.292496751641025,0.1961086507233539,,,
525715,13.255781540647549,0.18021110126955972,,,
525888,13.272934590496497,0.18747121346324153,,,
526066,13.330630621380312,0.21410687924416852,,,
526249,13.367168222259497,0.2328993209329786,,,
526394,13.389377994678062,0.2451195748449953,,,
526501,13.348967901170003,0.22334071449660434,,,
526662,13.310231272366963,0.20428255093002673,,,
526829,13.379695368356119,0.23971508709772638,,,
527159,13.332465296655075,0.21501328609388848,,,
527354,13.351940249776073,0.22487452022438778,,,
527526,13.238697111153439,0.1732595217006198,,,
527682,13.19629639364871,0.15714348981399495,,,
527846,13.346099340450424,0.2218703867729555,,,
528018,13.372717993768347,0.23589459698848522,,,
528190,13.319945007647972,0.20890315913788007,,,
528323,13.35389449077079,0.2258886920578685,,,
528522,13.177303419140308,0.15041925007381143,,,
528728,13.318127442200593,0.20803070563920859,,,
528847,13.315382099336668,0.20671981104222,,,
529005,13.285447009127136,0.19295098907587804,,,
529366,13.26374471343091,0.1835459108355476,,,
529536,13.249124306268348,0.1774697372305875,,,
529705,13.25536866241177,0.18003985828166544,,,
529912,13.236199612729452,0.1722660171242991,,,
530098,13.323292606082923,0.21051963389430134,,,
530271,13.35062966027457,0.22419692943607958,,,
530428,13.348666384542746,0.2231857100679068,,,
530596,13.363169354066086,0.2307646885149097,,,
530741,13.33638054687004,0.21696043696486564,,,
530882,13.32186195250263,0.2098272807794512,,,
531082,13.334627649729313,0.2160865072335399,,,
531222,13.35044660554388,0.22410245054620634,,,
531357,13.394843930932478,0.24822409211691746,,,
531506,13.352188216915712,0.22500295246530824,,,
532048,13.378291660590728,0.23894154118689126,,,
532212,13.284049224998572,0.19233097136108665,,,
532372,13.218396095514219,0.1653469146737529,,,
532543,13.333236888685509,0.21539563035134374,,,
532695,13.39369304968796,0.24756716858576885,,,
532857,13.323557476419635,0.21064806613522288,,,
532982,13.288258865369798,0.19420431059935056,,,
533108,13.309244696041853,0.20381901387658682,,,
533292,13.26460313422951,0.18390906406849702,,,
533466,13.28422252819906,0.19240773545910858,,,
533859,13.343133159382164,0.2203602007676408,,,
533982,13.33247722356255,0.21501919102450534,,,
534135,13.181705219022799,0.15195157956894015,,,
534322,13.365458138638138,0.23198405668733427,,,
534479,13.36484417747636,0.2316563330380872,,,
534627,13.233728842869228,0.17128875110717434,,,
534742,13.256882999876511,0.18066873339238246,,,
535080,13.18544838149854,0.15326690286389116,,,
535216,13.345928819773611,0.22178328904635344,,,
535352,13.352774793606457,0.22530705639208706,,,
535474,13.315710722795842,0.20687629170357247,,,
535638,13.362415797636839,0.2303646294656039,,,
535791,13.345654111808912,0.22164304694419876,,,
535962,13.314108662409913,0.20611455565397113,,,
536111,13.311556789321008,0.20490699734278134,,,
536297,13.349776654136942,0.22375701210510762,,,
536471,13.324770161556156,0.21123708296427496,,,
536664,13.235845908745489,0.17212577502214368,,,
536828,13.33324581801853,0.21540005904930637,,,
537160,13.216811219167976,0.16474461175081206,,,
537317,13.334018996933628,0.21578387953941505,,,
537481,13.229663783296687,0.1696929436079127,,,
537700,13.303430752250708,0.20110865072335374,,,
537872,13.273396022338591,0.1876705048715674,,,
538244,13.35126403403018,0.2245246530853262,,,
538387,13.230309361140748,0.16994537939179227,,,
538563,13.363477629272339,0.23092855033953333,,,
538686,13.31594308927158,0.20698700915264223,,,
538974,13.346933636920891,0.22229701801003868,,,
539161,13.346082002422506,0.2218615293770295,,,
539298,13.318715677243727,0.20831266607617363,,,
539421,13.336687758955398,0.2171139651609098,,,
539727,13.314978730780465,0.20652790079716546,,,
540096,13.328403080426831,0.2130115146147034,,,
540268,13.340070406733192,0.21881163271331586,,,
540468,13.259250543159652,0.18165633303808668,,,
540600,13.265772876703434,0.1844050782403308,,,
540780,13.31397489023238,0.20605107764983724,,,
540958,13.230773131473484,0.17012695600826705,,,
541110,13.298170827601497,0.19868762917035718,,,
541307,13.364653174765953,0.23155447298494258,,,
541885,13.24315892871898,0.17504871567759056,,,
542395,13.240716496730709,0.17406702096250384,,,
542576,13.340854939669294,0.21920726306465887,,,
542729,13.308668681446227,0.20354886330085653,,,
542880,13.385808851828381,0.2431133746678474,,,
543011,13.222705721702289,0.16699586654856835,,,
543325,13.326665972562662,0.2121612046058455,,,
543476,13.343342586896451,0.2204664895187486,,,
543632,13.285689499063405,0.19305875405964007,,,
543954,13.189901314351964,0.15484647180395616,,,
544307,13.28376912750585,0.19220696781812785,,,
544485,13.218233213267009,0.1652849129022735,,,
544644,13.176830055017076,0.1502553882491878,,,
544812,13.310585766482934,0.20444936521995843,,,
544968,13.344999896785913,0.22130941836433402,,,
545167,13.224995477673673,0.1678786536758193,,,
545331,13.280387067585124,0.19071597283731945,,,
545531,13.303300027571684,0.2010481251845294,,,
545703,13.171765739345883,0.1485134337171536,,,
545863,13.307059351732125,0.20279598464718038,,,
545999,13.29869002743156,0.19892530262769426,,,
546159,13.342069921762683,0.2198213758488334,,,
546271,13.281213246303341,0.19107912607026872,,,
546474,13.303354235262677,0.20107322113965148,,,
546639,13.266123880732993,0.18455417773841165,,,
546944,13.347077816380914,0.22237082964275176,,,
547088,13.325694873269512,0.21168733392382597,,,
547460,13.320821850264613,0.2093253616770004,,,
547616,13.344031239995239,0.220816356657809,,,
547727,13.270599419420272,0.18646589902568628,,,
547892,13.334271468692595,0.2159093593150282,,,
548025,13.238711912274084,0.1732654266312374,,,
548173,13.289297520513848,0.19466932388544464,,,
548331,13.238226913121945,0.17307204015352837,,,
548477,13.351906036298317,0.22485680543253608,,,
548653,13.337572732021115,0.2175568349571894,,,
548997,13.217868445772359,0.1651461470327726,,,
549149,13.292038821375312,0.19590197815175675,,,
549320,13.337289736794657,0.2174151166223799,,,
549497,13.313651177773796,0.20589754945379418,,,
549641,13.200934788268786,0.15883082373782076,,,
549818,13.33329046192996,0.2154222025391199,,,
549953,13.339868189153604,0.21870977266017136,,,
550118,13.299511094575726,0.19930174195453226,,,
550232,13.300266392312045,0.19964865662828474,,,
550403,13.303433940166,0.20111012695600855,,,
550876,13.309301311968483,0.2038455860643635,,,
551015,13.287340142918072,0.1937939179214645,,,
551296,13.322481769182295,0.2101269560082666,,,
551424,13.341661412911057,0.21961470327723606,,,
551556,13.35990098919351,0.2290345438441094,,,
551714,13.342664490467568,0.22012252731030427,,,
551868,13.273245683586728,0.18760555063478035,,,
552392,13.316011226527838,0.20701948627103653,,,
552551,13.312853317621533,0.2055196338943016,,,
552664,13.349811035771506,0.22377472689695851,,,
552802,13.200700608480563,0.15874520224387384,,,
553000,13.324275162879738,0.21099645704162936,,,
553113,13.248480794444204,0.17720696781812817,,,
553278,13.327345357521732,0.21249335695305566,,,
553398,13.195733010993067,0.15693976970770598,,,
553547,13.36231281202886,0.23031000885739575,,,
553634,13.316923853951536,0.20745497490404516,,,
553802,13.28118304793478,0.1910658399763799,,,
553955,13.34368850279587,0.22064216120460606,,,
554133,13.275311694658228,0.1885001476232655,,,
554285,13.308199121045039,0.2033289046353707,,,
554403,13.34857445212578,0.22313847062297035,,,
554706,13.270967158339044,0.18662385591969266,,,
554836,13.260691633275796,0.1822601121936821,,,
554965,13.253384226451614,0.1792190729258931,,,
555121,13.321180048975718,0.20949808089754934,,,
555253,13.299948363163757,0.19950250959551208,,,
555401,13.29009050025252,0.19502509595512255,,,
555531,13.294294359062734,0.19692205491585496,,,
555694,13.2692598694974,0.1858916445231767,,,
555840,13.237633812054982,0.1728358429288454,,,
556017,13.348505490039877,0.223103041039268,,,
556145,13.288110283076763,0.1941378801299086,,,
556354,13.324211348998846,0.21096545615588996,,,
556467,13.369986161397208,0.234415411868911,,,
556621,13.201978983949317,0.15921316799527604,,,
556800,13.316076256665253,0.2070504871567757,,,
556920,13.323572693945133,0.21065544729849386,,,
557077,13.286180707376413,0.19327723649247108,,,
557244,13.273559968917324,0.18774136403897243,,,
557366,13.348528478618595,0.22311485090050232,,,
557534,13.269132241843536,0.18583702391496934,,,
557652,13.29815792032135,0.19868172423973987,,,
557792,13.328782148350061,0.21319751992914052,,,
557956,13.279902720495414,0.1905033953351045,,,
558072,13.313180742275966,0.20567463832299973,,,
558214,13.234704647309286,0.17167404782993786,,,
558407,13.268548816538752,0.18558754059639798,,,
558573,13.314528377274812,0.2063138470622973,,,
559063,13.336675947123508,0.21710806023029242,,,
559190,13.331907347822241,0.21473723058754032,,,
559370,13.299421014012015,0.1992604074402125,,,
559676,13.277530378183856,0.18946560377915528,,,
560005,13.338840995163057,0.21819309123117825,,,
560125,13.210950015682894,0.16253616770002963,,,
560287,13.339701068801105,0.21862562739887778,,,
560437,13.268013032384623,0.18535872453498692,,,
560581,13.314208187062814,0.20616179509890797,,,
560838,13.320521593041077,0.20918069087688243,,,
560982,13.230339540127558,0.169957189253026,,,
561130,13.27553611341165,0.18859757897844687,,,
561306,13.20099936737402,0.1588544434602891,,,
561458,13.31756926857898,0.20776350752878692,,,
561723,13.248451850162017,0.17719515795689372,,,
561867,13.21173032013158,0.1628284617655743,,,
562009,13.297537919319891,0.1983982875701214,,,
562189,13.314360540000678,0.20623413049896672,,,
562319,13.273631676088609,0.18777236492471194,,,
562597,13.25685815901924,0.18065839976380246,,,
562737,13.338058699631622,0.21780041334514308,,,
562831,13.188993628254835,0.1545231768526722,,,
563170,13.279727684544952,0.19042663123708273,,,
563305,13.322646497681905,0.21020667257159745,,,
563427,13.307732208923866,0.2031104222025393,,,
563577,13.31440716797234,0.20625627398878074,,,
563717,13.281129356760934,0.191042220253912,,,
563865,13.248621870202,0.17726454089164426,,,
563989,13.223070286480242,0.1671361086507231,,,
564133,13.257202255819756,0.1808015943312663,,,
564297,13.24891111303483,0.17738263950398617,,,
564463,13.216032201430707,0.16444936521995904,,,
564768,13.336070160204546,0.2168054325361674,,,
564897,13.278382267687485,0.18983761440803082,,,
565063,13.264989915609435,0.18407292589312083,,,
565198,13.23669803228206,0.17246383229997078,,,
565354,13.293655772044348,0.19663271331561827,,,
565531,13.313149569608772,0.2056598759964573,,,
565629,13.32867387698658,0.21314437555358687,,,
565772,13.218306905660084,0.1653129613227046,,,
565937,13.187326676338303,0.15393120755831102,,,
566051,13.288803232615175,0.19444788898730406,,,
566203,13.28734345116046,0.19379539415411837,,,
566377,13.335830567401443,0.2166858576911717,,,
566507,13.18915955733852,0.15458222615884257,,,
566634,13.20139067275358,0.15899763802775316,,,
566937,13.225087122733632,0.1679140832595214,,,
567069,13.282031158489337,0.19143932683790926,,,
567384,13.279825309448764,0.19046944198405702,,,
567519,13.351044108438888,0.22441098317094793,,,
567609,13.248571232894772,0.177243873634485,,,
567724,13.31953971318177,0.20870829642751665,,,
567868,13.304599148359578,0.20165042810746997,,,
568143,13.28101188417161,0.1909905521110129,,,
568257,13.214544294954486,0.1638869205786835,,,
568405,13.234342247973503,0.17153085326247391,,,
568828,13.344289566350232,0.22094774136403883,,,
568922,13.269535693030662,0.18600974313551832,,,
569019,13.315605342357099,0.2068260997933275,,,
569498,13.335818732232534,0.216679952760555,,,
569623,13.254944698019374,0.1798641865958072,,,
569795,13.181059195543416,0.1517257159728371,,,
570113,13.288473394534247,0.19430026572187797,,,
570253,13.215575827376048,0.1642766459994093,,,
570388,13.172197216318876,0.14866105698258042,,,
570530,13.296590062668168,0.19796575140242093,,,
570664,13.332310217043892,0.21493652199586671,,,
570807,13.192905082682778,0.15592116917626223,,,
570942,13.298403093071592,0.19879391792146456,,,
571071,13.187971768188097,0.15416002361972264,,,
571237,13.183813928958141,0.15269117212872718,,,
571379,13.318715677243727,0.20831266607617363,,,
571493,13.243693327943246,0.17526424564511342,,,
571630,13.249683892071708,0.17769855329199855,,,
571812,13.225766220661582,0.1681768526719811,,,
572125,13.210586972371654,0.16240035429583732,,,
572265,13.321577701351012,0.2096899911426043,,,
572366,13.315366592087056,0.20671242987894914,,,
572491,13.224345770928512,0.16762769412459372,,,
572669,13.273737507897634,0.18781812813699397,,,
573257,13.257510646973037,0.18093002657218746,,,
573373,13.27747284923666,0.1894405078240332,,,
573518,13.315102884090127,0.20658695010333616,,,
573647,13.27044123029542,0.18639799232359017,,,
573780,13.303245813113758,0.20102302922940668,,,
574218,13.243543323318825,0.17520372010628868,,,
574343,13.191739876058689,0.1555033953351051,,,
574639,13.176031417094752,0.14997933274284006,,,
575093,13.3256070345164,0.21164452317685242,,,
575235,13.318013398731058,0.20797608503100073,,,
575367,13.283972549595594,0.1922970180100381,,,
575597,13.201342282946914,0.15897992323590215,,,
575894,13.169662635214012,0.14779598464718063,,,
576040,13.293557946220584,0.19658842633599058,,,
576499,13.324475659769226,0.21109388839681156,,,
576624,13.25646051194536,0.18049306170652524,,,
577081,13.27116636339086,0.18670947741364005,,,
577199,13.20048246545252,0.15866548568054353,,,
577342,13.248310719155302,0.17713758488337733,,,
577486,13.243345677161635,0.17512400354295832,,,
577653,13.226215824576599,0.16835104812518437,,,
577845,13.21237950458434,0.16307204015352786,,,
577997,13.257595681871132,0.18096545615589044,,,
578140,13.29667425650603,0.19800413345143206,,,
578261,13.270513454217852,0.18642899320932974,,,
578427,13.218527907842919,0.1653971065839976,,,
578571,13.214293857078989,0.1637924416888104,,,
578701,13.275909887155368,0.1887599645704167,,,
578969,13.245500282370694,0.17599498080897527,,,
579233,13.22287844842976,0.1670622970180101,,,
579339,13.287525365693885,0.1938765869501034,,,
579436,13.302374264423882,0.2006200177147916,,,
579558,13.322594645448348,0.21018157661647466,,,
579687,13.253720362172789,0.17935783879539383,,,
579820,13.303003359802839,0.20091083554768197,,,
579926,13.286499032174689,0.19341895482728075,,,
580272,13.223066450549561,0.16713463241806908,,,
580415,13.188578527976727,0.15437555358724506,,,
580535,13.170273844517125,0.14800413345143215,,,
580832,13.216519251245911,0.16463389430174205,,,
580955,13.24230839139895,0.17470622970180114,,,
581107,13.274916980453572,0.1883289046353703,,,
581353,13.214716387259475,0.16395187481547102,,,
581518,13.261022162652116,0.18239887806318286,,,
581635,13.296590062668168,0.19796575140242093,,,
581765,13.250736124920897,0.1781296132270443,,,
581867,13.201463247355697,0.15902421021552968,,,
582029,13.281934028235744,0.19139651609093614,,,
582291,13.176684957317235,0.15020519633894291,,,
582629,13.289043856330997,0.1945556539710655,,,
582789,13.223718072548946,0.16738559196929417,,,
582917,13.303331915268155,0.20106288751107165,,,
583144,13.276561522454669,0.18904340124003513,,,
583432,13.230965281339133,0.17020224387363478,,,
583567,13.187310016117074,0.15392530262769405,,,
583722,13.289122936386189,0.19459108355476817,,,
583808,13.294408293716186,0.19697372305875394,,,
583903,13.233365628011814,0.1711455565397108,,,
584147,13.203398123414045,0.15973427812223195,,,
584285,13.221286765311131,0.16645113669914385,,,
584397,13.246420941675568,0.1763684676705046,,,
584681,13.243008739368365,0.17498819013876554,,,
584833,13.26165439004581,0.18266459994095086,,,
584957,13.250069766548014,0.17785651018600546,,,
585061,13.292222051427954,0.19598464718039527,,,
585177,13.279471735805606,0.190314437555359,,,
585602,13.274739923084018,0.18825214053734837,,,
585703,13.293528594176019,0.19657514024210243,,,
585788,13.282188530368284,0.19150870977266005,,,
585907,13.204188096281937,0.1600250959551228,,,
586045,13.32742982889535,0.21253469146737555,,,
586244,13.22825604490552,0.16914378506052577,,,
586366,13.236575340246684,0.17241511662237952,,,
586502,13.24984621750674,0.17776498376144106,,,
586653,13.19023241667664,0.15496457041629777,,,
587250,13.245055629628784,0.17581488042515517,,,
587502,13.236716618961022,0.17247121346324198,,,
587761,13.275576904365039,0.1886152937702985,,,
587888,13.237796995609594,0.17290079716563334,,,
588027,13.268144447092565,0.18541482137584855,,,
588424,13.242972099939168,0.17497342781222286,,,
588640,13.217949962963885,0.1651771479185117,,,
588757,13.271509605943447,0.18685710067906722,,,
589168,13.233919689732037,0.17136403897254232,,,
589297,13.26757007952081,0.18516976675524055,,,
589416,13.244278216731564,0.1755004428697962,,,
589693,13.257124237147922,0.1807691172128727,,,
589820,13.27231173499182,0.18720253912016524,,,
589913,13.252549915581039,0.17887511071744885,,,
590134,13.250440892223528,0.17800856214939492,,,
590256,13.218748797620172,0.1654812518452907,,,
590931,13.222955193818976,0.1670918216710952,,,
591058,13.263517611248178,0.18344995571302058,,,
591214,13.2080569906617,0.16145704162976085,,,
591369,13.268237796541921,0.18545467965751433,,,
591465,13.24888942650322,0.1773737821080605,,,
591762,13.283225089065745,0.1919663418954828,,,
592201,13.190567400795617,0.15508414526129316,,,
592313,13.198587288568833,0.15797460879834643,,,
592613,13.283098159998225,0.1919102450546206,,,
592689,13.219302465711692,0.16569235311485098,,,
592843,13.260184802044247,0.18204753469146712,,,
592976,13.220966956562085,0.16632860938883992,,,
593073,13.228168857349669,0.16910983170947752,,,
593212,13.171964271996645,0.14858134041925022,,,
593573,13.272890130429722,0.18745202243873665,,,
593949,13.226668767797978,0.16852671981104186,,,
594109,13.238286178704188,0.17309565987599654,,,
594216,13.261225980887295,0.1824844995571304,,,
594482,13.274719488741749,0.18824328314142275,,,
594774,13.26433113568529,0.18379391792146466,,,
595042,13.254459659950868,0.17966341895482738,,,
595277,13.192974977988618,0.15594626513138454,,,
595427,13.292123902085136,0.1959403602007677,,,
595526,13.185105237703194,0.15314585178624174,,,
595680,13.169272051374318,0.1476631237082965,,,
595792,13.184489410182158,0.15292884558606434,,,
596035,13.239739356319054,0.17367581930912343,,,
596169,13.185954233132836,0.15344552701505737,,,
596649,13.227311212561847,0.16877620312961292,,,
596766,13.252284605610509,0.17876586950103354,,,
596908,13.286436048908431,0.1933909064068499,,,
597311,13.232889618978252,0.17095807499261895,,,
597424,13.267850438113639,0.18528934160023622,,,
597561,13.204236170057506,0.16004281074697357,,,
597695,13.255051618822977,0.17990847357543557,,,
597829,13.268054536062206,0.18537643932683778,,,
597971,13.277334071591648,0.189379982285208,,,
598095,13.180484144592999,0.1515249483318572,,,
598235,13.237329533538835,0.1727147918511957,,,
598332,13.243440851354372,0.1751623855919692,,,
598508,13.22915722038335,0.16949512843224118,,,
598655,13.263797104766358,0.18356805432536202,,,
598875,13.283525562647462,0.192099202834367,,,
599401,13.243620161428273,0.17523472099202847,,,
599797,13.225029846837485,0.16789193976970737,,,
600068,13.246413671384337,0.17636551520519653,,,
600335,13.221733332736047,0.1666223796870389,,,
600467,13.237188454101185,0.1726586950103335,,,
600599,13.23276959735732,0.17091083554768263,,,
600700,13.182042626864735,0.15206967818128156,,,
600877,13.22815748376924,0.16910540301151492,,,
600995,13.29500027256554,0.19724239740183017,,,
601129,13.209879745517336,0.16213610865072306,,,
601360,13.211474314126717,0.1627325066430468,,,
601616,13.28101188417161,0.1909905521110129,,,
601884,13.243499409723206,0.1751860053144377,,,
602006,13.252707590653763,0.17894006495423656,,,
602527,13.189930295884947,0.15485680543253644,,,
602672,13.21311407576139,0.16334809565987593,,,
602790,13.280521512635582,0.1907750221434896,,,
602926,13.226782880646956,0.16857100679066994,,,
603046,13.206899936960982,0.16102745792736967,,,
603322,13.198790159767483,0.15804842043105963,,,
603446,13.18964039348794,0.1547534691467375,,,
604045,13.218291392511176,0.16530705639208743,,,
604166,13.259239955130594,0.1816519043401243,,,
604415,13.191277869385559,0.15533805727782687,,,
604543,13.197815512581132,0.15769412459403626,,,
604797,13.210413235623475,0.16233540005904915,,,
604904,13.260930764797335,0.18236049601417212,,,
605025,13.19921182854716,0.15820194862710363,,,
605156,13.180687190708216,0.15159580749926177,,,
605289,13.240764375395988,0.17408621198700922,,,
605433,13.234207672270278,0.1714777088869206,,,
605538,13.23171423058123,0.17049601417183333,,,
605810,13.285775832653382,0.19309713610865087,,,
605917,13.179878673083161,0.15131384706229686,,,
606017,13.221051748087193,0.16636108650723372,,,
606110,13.188391603332056,0.15430912311780307,,,
606251,13.253402112563938,0.17922645408916438,,,
606624,13.272034242560766,0.1870829642751695,,,
606720,13.252481810916787,0.178847062297018,,,
606968,13.24932295151429,0.1775509300265719,,,
607087,13.226984406765808,0.168649247121346,,,
607411,13.295370661914887,0.19741068792441668,,,
607628,13.25831780705632,0.18126660761736044,,,
607719,13.229807327995367,0.1697490404487749,,,
607953,13.185628214450587,0.1533303808680249,,,
608061,13.275974415506548,0.18878801299084755,,,
608184,13.230950213833491,0.17019633894301728,,,
608291,13.254081239568015,0.1795069382934748,,,
608420,13.179832063369416,0.15129760850310006,,,
608761,13.211568856995065,0.16276793622674904,,,
609181,13.19706679896301,0.15742249778565087,,,
609274,13.258123234634741,0.1811854148213762,,,
609392,13.214591235982812,0.16390463537053468,,,
609660,13.236240549325077,0.172282255683496,,,
609898,13.285981635828234,0.19318866253321504,,,
610108,13.247183645746086,0.17667847652790097,,,
610225,13.21365537006203,0.16355181576616487,,,
610500,13.198660333117965,0.15800118098612342,,,
610794,13.212760693918217,0.1632152347209922,,,
610901,13.261745635755476,0.182702981989962,,,
610985,13.211620059123304,0.16278712725125455,,,
611491,13.22119046215664,0.1664142308827873,,,
611637,13.191673905188814,0.15547977561263662,,,
611743,13.198331535855482,0.15788160614112776,,,
611854,13.183616540507362,0.15262178919397662,,,
611971,13.195119808471246,0.1567183348095659,,,
612340,13.237069614807618,0.17261145556539714,,,
612803,13.220098818740716,0.1659964570416297,,,
613279,13.179764258491199,0.15127398878063184,,,
613410,13.215087717790391,0.16409211691762618,,,
613521,13.20646175858848,0.16086507233540012,,,
613792,13.23801200756385,0.17298641865958084,,,
613926,13.221209724496003,0.1664216120460586,,,
614036,13.221537053617844,0.16654709182167138,,,
614283,13.218132350777346,0.16524653085326232,,,
614504,13.254470365165059,0.17966784765278984,,,
615063,13.232221577420141,0.17069530558015952,,,
615161,13.253984796756146,0.1794670800118096,,,
615249,13.221971827156421,0.16671390611160344,,,
615643,13.204552522982404,0.16015943312666087,,,
616017,13.2139806065127,0.1636743430764686,,,
616125,13.171230111864734,0.14833038086802472,,,
616516,13.182813463073524,0.15233982875701216,,,
616875,13.242532185513342,0.17479627989371144,,,
617276,13.231304162086094,0.1703351048125186,,,
617399,13.265066534096922,0.18410540301151448,,,
617513,13.1926541892394,0.1558311189843518,,,
617838,13.258381466375113,0.18129317980513765,,,
618173,13.223626138104805,0.16735016238559217,,,
618279,13.208949511386923,0.16178919397697095,,,
618512,13.20276350107554,0.1595010333628577,,,
618629,13.204472455416699,0.16012990847357517,,,
619152,13.19516889654747,0.1567360496014175,,,
619250,13.259155241603999,0.1816164747564218,,,
619368,13.186751529057375,0.15372748745202272,,,
619771,13.212697840364998,0.16319161499852397,,,
619864,13.249921948618088,0.17779598464718036,,,
619922,13.20800536670446,0.1614378506052552,,,
620184,13.249301285538637,0.17754207263064667,,,
620294,13.223311881834443,0.16722911130794202,,,
620381,13.216745056973444,0.16471951579568925,,,
621147,13.206493641017838,0.16087688219663449,,,
621509,13.246468195602178,0.17638765869501055,,,
621595,13.209408939812688,0.1619604369648656,,,
621720,13.217829622683618,0.16513138470622993,,,
622326,13.201612390406318,0.15907883082373786,,,
622712,13.21521272609749,0.16413935636256277,,,
622923,13.210634343061262,0.16241806908768797,,,
623318,13.194321348606863,0.1564304694419838,,,
623782,13.223561006096757,0.16732506643046927,,,
623883,13.215646069991658,0.164303218187186,,,
624033,13.196512571154484,0.1572217301446706,,,
624254,13.225872948463389,0.16821818718630052,,,
624325,13.196369824491793,0.15717006200177175,,,
624455,13.18780122417558,0.1540994980808975,,,
624576,13.211013122682463,0.1625597874224975,,,
625007,13.214383874815468,0.16382639503985855,,,
625373,13.180945091577797,0.15168585769117224,,,
625827,13.223139327439473,0.16716268083850017,,,
626027,13.2049606381111,0.16031000885739624,,,
626152,13.226379547648976,0.16841452612931807,,,
626262,13.248744821944634,0.17731473280188953,,,
626377,13.20892969750736,0.1617818128136997,,,
626489,13.252517656808212,0.1788618246235606,,,
626617,13.233826147827491,0.17132713315618522,,,
627166,13.2014430889605,0.15901682905225878,,,
627547,13.216515357013968,0.16463241806908788,,,
627680,13.187655584817252,0.15404782993799837,,,
627808,13.217569418428294,0.16503247711839375,,,
627902,13.265383312509659,0.18423974018305272,,,
628009,13.180437599818374,0.15150870977266015,,,
628075,13.205751768461683,0.1606023029229409,,,
628191,13.231988647278413,0.17060377915559513,,,
628305,13.218659680177517,0.16544729849424272,,,
628766,13.214133344389193,0.1637319161499854,,,
629032,13.181755846913264,0.15196929436079112,,,
629304,13.238637901626,0.17323590197815156,,,
629670,13.181295760092405,0.15180838500147628,,,
630339,13.192189036129347,0.15566430469441983,,,
630547,13.189549241324334,0.15472099202834352,,,
630857,13.250725327260911,0.17812518452908183,,,
631050,13.176283552387096,0.15006643046944218,,,
631166,13.175436824132186,0.14977413640389747,,,
631812,13.169467387203234,0.1477295541777387,,,
631996,13.219480418790152,0.1657602598169474,,,
632541,13.209393105541174,0.16195453203424873,,,
632774,13.220349792412211,0.16609241216415677,,,
633285,13.187089207828356,0.15384706229701792,,,
634129,13.199086181638998,0.15815618541482124,,,
634210,13.219565501015255,0.1657927369353413,,,
634318,13.1737985576971,0.1492102155299676,,,
634896,13.179565020417733,0.15120460584588122,,,
635044,13.247121952838258,0.17665338057277796,,,
635261,13.174228020754994,0.1493578387953944,,,
635378,13.18052645369617,0.15153971065839963,,,
635485,13.18995927548405,0.15486713906111635,,,
635605,13.19452212537452,0.15650280484204337,,,
635935,13.188229536869287,0.15425155004428673,,,
636121,13.250847685023922,0.1781753764393271,,,
636221,13.223583994979695,0.16733392382639514,,,
636355,13.230116920785221,0.16987009152642463,,,
637087,13.171523924863012,0.1484307646885151,,,
637192,13.200130782160619,0.15853705343962204,,,
637281,13.170113539487541,0.1479495128432242,,,
637516,13.189760519389209,0.1547962798937115,,,
637626,13.206664968986901,0.16094036020076755,,,
637858,13.20263887766797,0.15945527015057556,,,
638129,13.191789347635508,0.15552111012695616,,,
638754,13.192337280584857,0.15571744906997337,,,
638867,13.195798368189086,0.1569633894301744,,,
638997,13.226938786399487,0.16863153232949518,,,
639239,13.176296368915756,0.15007085916740462,,,
639419,13.228134735714765,0.1690965456155893,,,
639654,13.213851324801583,0.16362562739887818,,,
639773,13.191042552138722,0.15525391201653374,,,
640022,13.203558640300077,0.1597933274284027,,,
640111,13.229852648045,0.16976675524062587,,,
640185,13.212957052662599,0.16328904635370534,,,
640254,13.173961803690993,0.1492663123708295,,,
640582,13.204067888556397,0.15998080897549422,,,
640882,13.171230111864734,0.14833038086802472,,,
641238,13.227178239877688,0.16872453498671375,,,
641343,13.231800709347322,0.17052996752288138,,,
641435,13.199094288988197,0.15815913788012964,,,
641805,13.178035902652713,0.15067316209034556,,,
642490,13.230041430696051,0.16984056687333943,,,
642811,13.233796210162316,0.17131532329495114,,,
642897,13.216293328052569,0.16454827280779427,,,
643006,13.174781401557402,0.14954827280779423,,,
643280,13.191921244295983,0.1555683495718924,,,
644480,13.174627040623877,0.14949512843224097,,,
644760,13.232037497821754,0.17062297018010072,,,
644969,13.178907310167356,0.1509757897844698,,,
645095,13.223725732874236,0.1673885444346031,,,
645210,13.19204898099786,0.15561411278417484,,,
645282,13.186709822106232,0.15371272512547976,,,
645843,13.19922398599644,0.1582063773250662,,,
646220,13.211761818135793,0.16284027162680859,,,
646314,13.218275878808114,0.16530115146147054,,,
646434,13.241463538844723,0.1743666961913196,,,
646948,13.174090638776752,0.1493105993504574,,,
647069,13.181126798564465,0.15174933569530583,,,
647276,13.22135609036182,0.1664777088869204,,,
647482,13.218733300248052,0.16547534691467372,,,
647758,13.187647261092861,0.15404487747268966,,,
648147,13.172921133985374,0.14890906406849722,,,
648394,13.171925435792582,0.14856805432536171,,,
648527,13.179488692262307,0.1511780336581047,,,
648586,13.188972882661144,0.15451579568940055,,,
648708,13.20865220823459,0.16167847652790052,,,
648825,13.213015942977947,0.1633111898435196,,,
649006,13.222847746476342,0.16705048715677598,,,
649200,13.189026819143626,0.1545349867139062,,,
651172,13.185364712886084,0.1532373782108059,,,
651399,13.194968418632179,0.15666371420135808,,,
652588,13.193320178011334,0.15607026867434315,,,
652694,13.179785448652847,0.15128136994390337,,,
652841,13.22384445064137,0.1674343076468855,,,
653100,13.20637406983735,0.16083259521700624,,,
653324,13.185473478939375,0.1532757602598167,,,
653991,13.192497821661961,0.15577502214349,,,
654751,13.196598196636465,0.15725273103041026,,,
655636,13.175094242904642,0.14965603779155615,,,
656343,13.186601365284845,0.1536743430764686,,,
656525,13.207138757138516,0.1611160318866254,,,
656596,13.20519253265046,0.16039563035134358,,,
657252,13.171454810273397,0.1484071449660465,,,
657540,13.207985509702208,0.1614304694419842,,,
657734,13.198485817420865,0.1579377029819898,,,
658127,13.176902585692128,0.15028048420431037,,,
658257,13.184476833176623,0.15292441688810135,,,
658750,13.175907432510348,0.1499365219958668,,,
659147,13.178894570460544,0.15097136108650722,,,
659246,13.177490916270305,0.15048420431059964,,,
659324,13.20788223865243,0.16139208739297334,,,
660110,13.188308499880392,0.1542795984647183,,,
660488,13.179471728628068,0.1511721287274873,,,
660607,13.179442040673669,0.15116179509890773,,,
661863,13.17064621695341,0.14813108945969894,,,
661961,13.183431669977079,0.1525568349571892,,,
662329,13.175428262894172,0.14977118393858868,,,
663265,13.199244247655649,0.15821375848833763,,,
663548,13.183641744028938,0.1526306465899023,,,
665572,13.179255384190173,0.1510968408621199,,,
669748,13.19403846466478,0.1563286093888398,,,
670329,13.182114292273164,0.1520947741364039,,,
670499,13.195716670157127,0.1569338647770887,,,
671544,13.179335995695165,0.1511248892825509,,,
672020,13.195745266216543,0.1569441984056688,,,
673003,13.174987130827903,0.14961913197519955,,,
673507,13.188628360963806,0.15439326837909684,,,
673603,13.181029615912331,0.15171538234425727,,,
674772,13.192291989036372,0.15570121051077623,,,
676693,13.177674073926026,0.15054768231473264,,,
677948,13.17084526192354,0.14819899616179483,,,
678410,13.175637964656861,0.14984351933864792,,,
679036,13.17409922642371,0.14931355181576622,,,
690346,13.188075725581056,0.15419692943607893,,,
691076,13.175980117421666,0.14996161795098936,,,
691537,13.1814899846204,0.15187629170357247,,,
691776,13.179179001591345,0.15107026867434323,,,
