void_id,cx_mpc,cy_mpc,cz_mpc,R_void_mpc
0,5.125,5.125,15.375,31.16009349700146
1,5.125,15.375,5.125,36.5470812981518
2,5.125,15.375,15.375,37.411825914377054
3,5.125,15.375,76.875,20.06284708993266
4,5.125,15.375,97.375,21.50162643142841
5,5.125,15.375,128.125,24.812179331295333
6,5.125,15.375,138.375,20.504234209351793
7,5.125,15.375,189.625,15.0
8,5.125,25.625,5.125,64.6335373816767
9,5.125,25.625,15.375,17.630807337579178
10,5.125,25.625,25.625,62.853435366436756
11,5.125,25.625,97.375,19.241565788119054
12,5.125,25.625,117.875,25.90096298120727
13,5.125,25.625,199.875,15.0
14,5.125,35.875,5.125,15.0
15,5.125,35.875,25.625,37.12592780838866
16,5.125,35.875,66.625,21.52828865442522
17,5.125,35.875,138.375,15.0
18,5.125,35.875,158.875,26.680846794730556
19,5.125,35.875,169.125,21.692005800275577
20,5.125,46.125,5.125,24.82666081148976
21,5.125,46.125,15.375,21.07961350282157
22,5.125,46.125,25.625,34.509405823873735
23,5.125,46.125,138.375,15.38146354223966
24,5.125,46.125,148.625,19.00153029350758
25,5.125,46.125,158.875,15.0
26,5.125,46.125,169.125,28.959957080810693
27,5.125,46.125,189.625,34.19184052160444
28,5.125,56.375,5.125,16.89124031195836
29,5.125,56.375,15.375,23.180467119945046
30,5.125,56.375,25.625,24.952084011553346
31,5.125,56.375,117.875,64.88508621460113
32,5.125,56.375,138.375,32.28072790063626
33,5.125,56.375,158.875,15.0
34,5.125,56.375,169.125,16.940208959376957
35,5.125,56.375,179.375,39.77913375479139
36,5.125,56.375,189.625,28.795264392290413
37,5.125,56.375,199.875,15.0
38,5.125,66.625,5.125,20.83732587364017
39,5.125,66.625,15.375,27.421516508620556
40,5.125,66.625,56.375,15.0
41,5.125,66.625,76.875,20.23753672270816
42,5.125,66.625,107.625,23.376405126301194
43,5.125,66.625,138.375,28.306478970597745
44,5.125,66.625,148.625,18.031579986449795
45,5.125,66.625,169.125,15.0
46,5.125,76.875,66.625,23.101736960421032
47,5.125,76.875,107.625,15.565531484253532
48,5.125,87.125,35.875,73.15961641558947
49,5.125,87.125,46.125,20.99315798150549
50,5.125,87.125,76.875,19.641295584963736
51,5.125,87.125,87.125,18.29612229135937
52,5.125,87.125,158.875,17.193795072212392
53,5.125,87.125,169.125,20.938938741587727
54,5.125,97.375,56.375,16.321950915573087
55,5.125,97.375,76.875,16.04362609824981
56,5.125,97.375,87.125,26.743470047261212
57,5.125,97.375,97.375,18.783186016092714
58,5.125,97.375,107.625,16.96185994299555
59,5.125,97.375,169.125,24.001595032391858
60,5.125,107.625,46.125,15.0
61,5.125,107.625,56.375,15.41994936320435
62,5.125,107.625,107.625,15.0
63,5.125,107.625,117.875,31.0503495807076
64,5.125,117.875,15.375,18.18052281941567
65,5.125,117.875,97.375,36.16297562291346
66,5.125,117.875,107.625,61.25837094731292
67,5.125,117.875,117.875,31.874882700325195
68,5.125,117.875,138.375,19.271803070651867
69,5.125,117.875,148.625,15.147446233103542
70,5.125,117.875,169.125,15.0
71,5.125,117.875,179.375,15.0
72,5.125,128.125,5.125,16.555597016780087
73,5.125,128.125,25.625,18.772355856699416
74,5.125,128.125,35.875,34.983973497826156
75,5.125,128.125,97.375,20.184629459989388
76,5.125,128.125,107.625,38.957945724508086
77,5.125,128.125,148.625,32.47156507532096
78,5.125,138.375,25.625,27.516908275937485
79,5.125,138.375,35.875,26.792326753665698
80,5.125,138.375,46.125,15.0
81,5.125,138.375,56.375,40.589745428912984
82,5.125,138.375,169.125,50.98200695988182
83,5.125,138.375,179.375,15.0
84,5.125,138.375,189.625,22.900744926036037
85,5.125,138.375,199.875,24.861325342821026
86,5.125,148.625,5.125,16.835017010149254
87,5.125,148.625,15.375,54.67768221451003
88,5.125,148.625,25.625,25.85572130426058
89,5.125,148.625,35.875,23.53508511854597
90,5.125,148.625,56.375,63.962882634440575
91,5.125,148.625,66.625,67.35854168239285
92,5.125,148.625,128.125,44.99220898783651
93,5.125,148.625,169.125,36.15977220477978
94,5.125,148.625,189.625,30.83613711187195
95,5.125,158.875,5.125,24.021399148989683
96,5.125,158.875,15.375,35.99118573783265
97,5.125,158.875,35.875,54.894948375373694
98,5.125,158.875,87.125,23.469297677681066
99,5.125,158.875,117.875,25.19486337868546
100,5.125,158.875,148.625,33.26410935388722
101,5.125,169.125,35.875,15.0
102,5.125,169.125,66.625,42.47969976328747
103,5.125,169.125,117.875,16.42101596404412
104,5.125,169.125,189.625,29.099579883391954
105,5.125,179.375,15.375,69.40762289417488
106,5.125,179.375,138.375,24.59517165242829
107,5.125,179.375,148.625,48.29030702415986
108,5.125,179.375,158.875,20.661417558755986
109,5.125,179.375,189.625,32.53683511565146
110,5.125,179.375,199.875,15.0
111,5.125,189.625,5.125,28.23122669414786
112,5.125,189.625,66.625,38.19029144366925
113,5.125,189.625,76.875,35.661026299365176
114,5.125,189.625,87.125,27.911127812283194
115,5.125,199.875,97.375,19.775372729364058
116,15.375,5.125,87.125,29.330381288673003
117,15.375,15.375,5.125,32.386964356712475
118,15.375,15.375,25.625,15.04248605938353
119,15.375,15.375,56.375,43.44133299752199
120,15.375,15.375,76.875,29.369977596152403
121,15.375,15.375,97.375,17.09141924189124
122,15.375,25.625,5.125,22.02435141836459
123,15.375,25.625,15.375,17.543738663753114
124,15.375,25.625,25.625,28.87358254893375
125,15.375,25.625,35.875,29.241179076756776
126,15.375,25.625,66.625,28.557589815782997
127,15.375,25.625,128.125,25.058815553347195
128,15.375,25.625,158.875,33.62552535747398
129,15.375,25.625,169.125,15.0
130,15.375,35.875,5.125,18.502068327631658
131,15.375,35.875,15.375,15.0
132,15.375,35.875,35.875,46.94016995068258
133,15.375,35.875,46.125,15.0
134,15.375,35.875,76.875,17.165494448336542
135,15.375,35.875,138.375,21.74492845790253
136,15.375,35.875,158.875,31.36195008947275
137,15.375,35.875,199.875,17.316055107399638
138,15.375,46.125,5.125,35.98047072188397
139,15.375,46.125,15.375,58.7816101561597
140,15.375,46.125,25.625,46.01263329501999
141,15.375,46.125,35.875,28.497068650642973
142,15.375,46.125,56.375,18.604129264226074
143,15.375,46.125,66.625,28.04305800719755
144,15.375,46.125,158.875,61.26145148211489
145,15.375,56.375,5.125,15.0
146,15.375,56.375,15.375,18.717239406425254
147,15.375,56.375,25.625,48.215209833847176
148,15.375,56.375,46.125,20.93514259444273
149,15.375,56.375,66.625,27.782678753801687
150,15.375,56.375,117.875,35.471919136551605
151,15.375,56.375,138.375,19.645714546407557
152,15.375,56.375,158.875,22.267468492681733
153,15.375,56.375,169.125,19.558183441828906
154,15.375,56.375,179.375,15.0
155,15.375,66.625,15.375,18.39128364739982
156,15.375,66.625,25.625,15.0
157,15.375,66.625,46.125,19.14336272244805
158,15.375,66.625,56.375,54.169601621867606
159,15.375,66.625,76.875,17.422720086194392
160,15.375,66.625,138.375,32.89491521465378
161,15.375,66.625,169.125,24.24114925164612
162,15.375,76.875,15.375,24.083641893263323
163,15.375,76.875,25.625,26.214665397906465
164,15.375,76.875,46.125,31.517058183169173
165,15.375,76.875,56.375,23.45494760962122
166,15.375,76.875,169.125,19.232304360374386
167,15.375,87.125,46.125,21.630553009699177
168,15.375,97.375,35.875,21.028147542486796
169,15.375,97.375,46.125,28.985328062789748
170,15.375,97.375,56.375,49.20388959860489
171,15.375,97.375,66.625,15.0
172,15.375,97.375,76.875,41.07056197597705
173,15.375,97.375,169.125,24.659086089900896
174,15.375,107.625,56.375,21.81628486737514
175,15.375,107.625,66.625,16.01417284834634
176,15.375,107.625,87.125,21.879396525512583
177,15.375,107.625,107.625,26.32853336423226
178,15.375,117.875,56.375,58.02891184062073
179,15.375,117.875,76.875,49.632345661663884
180,15.375,117.875,87.125,38.44873072397778
181,15.375,117.875,97.375,18.16333298636116
182,15.375,117.875,117.875,17.10223624225494
183,15.375,117.875,148.625,15.0
184,15.375,128.125,15.375,15.974158269132129
185,15.375,128.125,35.875,24.375227401389438
186,15.375,128.125,56.375,25.814317867804238
187,15.375,138.375,5.125,33.59312236835031
188,15.375,138.375,15.375,25.679819188261025
189,15.375,138.375,25.625,34.57731296048406
190,15.375,138.375,35.875,32.44038995041451
191,15.375,138.375,66.625,22.94031709751522
192,15.375,138.375,158.875,24.923393576856693
193,15.375,138.375,179.375,40.42730038205133
194,15.375,138.375,189.625,28.16937742332708
195,15.375,138.375,199.875,15.0
196,15.375,148.625,15.375,21.992944022218282
197,15.375,148.625,25.625,28.463729394344696
198,15.375,148.625,35.875,43.4176992637267
199,15.375,148.625,56.375,51.67090583676372
200,15.375,148.625,66.625,29.05384317283993
201,15.375,148.625,117.875,16.22443015865694
202,15.375,148.625,128.125,33.658399090525826
203,15.375,158.875,35.875,29.7001444724897
204,15.375,158.875,87.125,25.563226376343213
205,15.375,158.875,117.875,19.19549232912083
206,15.375,158.875,128.125,37.928629936733046
207,15.375,169.125,35.875,65.268518753186
208,15.375,179.375,97.375,38.49910171556492
209,15.375,179.375,148.625,26.8270226514045
210,15.375,189.625,15.375,23.77985003039986
211,15.375,189.625,128.125,21.244187651095316
212,15.375,189.625,148.625,17.900910211578104
213,15.375,189.625,158.875,15.0
214,15.375,189.625,179.375,18.012857814412637
215,15.375,199.875,76.875,25.116617307830317
216,15.375,199.875,87.125,25.185951195566673
217,25.625,5.125,97.375,15.0
218,25.625,5.125,107.625,45.24778002627723
219,25.625,5.125,117.875,32.50168635034029
220,25.625,5.125,128.125,15.0
221,25.625,5.125,158.875,34.20312082983201
222,25.625,15.375,66.625,29.815069544505928
223,25.625,15.375,76.875,16.43636891828293
224,25.625,25.625,15.375,39.69083919800885
225,25.625,25.625,25.625,16.535113828643013
226,25.625,25.625,87.125,36.44179879821845
227,25.625,25.625,107.625,28.269113465844956
228,25.625,25.625,199.875,19.93877238088479
229,25.625,35.875,5.125,22.962842919568374
230,25.625,35.875,15.375,15.0
231,25.625,35.875,25.625,27.758368356840215
232,25.625,35.875,46.125,37.01574607517631
233,25.625,35.875,56.375,44.19636606062839
234,25.625,46.125,25.625,37.07020349620314
235,25.625,46.125,35.875,49.708288046878835
236,25.625,46.125,56.375,15.0
237,25.625,56.375,5.125,44.12996396940093
238,25.625,56.375,15.375,30.223684822455755
239,25.625,56.375,56.375,51.70828031079894
240,25.625,56.375,66.625,56.874696725492356
241,25.625,56.375,87.125,26.127500652074616
242,25.625,56.375,148.625,32.348057030819
243,25.625,56.375,199.875,15.279229201784785
244,25.625,66.625,5.125,23.293576443536896
245,25.625,66.625,15.375,15.0
246,25.625,66.625,25.625,15.0
247,25.625,66.625,35.875,37.120560481502864
248,25.625,66.625,46.125,17.069712936050777
249,25.625,66.625,66.625,28.294991284256653
250,25.625,76.875,15.375,37.602517983999675
251,25.625,76.875,35.875,30.235433126646765
252,25.625,76.875,66.625,42.94520197399207
253,25.625,76.875,107.625,20.425819217097622
254,25.625,76.875,117.875,29.296265417021583
255,25.625,76.875,189.625,29.1287827042411
256,25.625,87.125,35.875,71.02716022513864
257,25.625,87.125,56.375,34.06791280022433
258,25.625,97.375,25.625,32.483959044535034
259,25.625,97.375,46.125,23.92362732119398
260,25.625,97.375,76.875,27.6721390738478
261,25.625,97.375,128.125,19.71492546790336
262,25.625,97.375,169.125,19.86726243337142
263,25.625,107.625,35.875,27.522159952604003
264,25.625,107.625,76.875,25.868235141884615
265,25.625,107.625,87.125,23.992949597624026
266,25.625,117.875,66.625,22.804261467406146
267,25.625,117.875,76.875,25.78152335927893
268,25.625,117.875,87.125,23.959109413860176
269,25.625,117.875,97.375,15.0
270,25.625,117.875,107.625,31.396507907287628
271,25.625,117.875,179.375,42.286830134019546
272,25.625,128.125,15.375,20.20006203201583
273,25.625,128.125,76.875,22.09025925018935
274,25.625,128.125,87.125,31.57025809613152
275,25.625,128.125,97.375,20.04980547839316
276,25.625,138.375,15.375,16.61446043352727
277,25.625,138.375,25.625,15.0
278,25.625,138.375,35.875,55.854498673891364
279,25.625,138.375,56.375,45.38457547003605
280,25.625,138.375,117.875,34.557030112185245
281,25.625,138.375,138.375,33.66882798003652
282,25.625,148.625,5.125,15.0
283,25.625,148.625,25.625,22.462830476764374
284,25.625,148.625,35.875,65.90611424002905
285,25.625,148.625,56.375,39.7859313656641
286,25.625,158.875,15.375,17.67207107335285
287,25.625,158.875,35.875,34.36749924787933
288,25.625,158.875,56.375,15.0
289,25.625,158.875,138.375,23.292004359824997
290,25.625,158.875,169.125,15.0
291,25.625,169.125,87.125,30.945775828604095
292,25.625,169.125,107.625,15.0
293,25.625,169.125,148.625,22.0148367418741
294,25.625,169.125,158.875,31.54604389939344
295,25.625,179.375,5.125,15.0
296,25.625,179.375,107.625,15.68376467620602
297,25.625,179.375,148.625,16.88821726042088
298,25.625,189.625,35.875,15.0
299,25.625,189.625,46.125,28.250085586488833
300,25.625,189.625,97.375,24.770790643319952
301,25.625,189.625,148.625,42.596402534026296
302,25.625,189.625,179.375,54.41495469387299
303,25.625,189.625,199.875,16.611451351104403
304,25.625,199.875,35.875,41.05625450419557
305,25.625,199.875,97.375,19.65645607406173
306,25.625,199.875,107.625,34.41445846321912
307,25.625,199.875,117.875,22.495978544134097
308,25.625,199.875,138.375,35.695024120064026
309,35.875,5.125,5.125,15.0
310,35.875,5.125,25.625,33.44561405547921
311,35.875,5.125,56.375,20.517118542548808
312,35.875,5.125,107.625,40.60542092967339
313,35.875,5.125,158.875,71.484752441031
314,35.875,15.375,66.625,22.65861805464219
315,35.875,15.375,107.625,41.16122623510911
316,35.875,15.375,148.625,24.546565644162367
317,35.875,15.375,158.875,24.500770062491117
318,35.875,25.625,15.375,66.32913703307013
319,35.875,25.625,25.625,29.28300399955396
320,35.875,25.625,66.625,16.22441625903545
321,35.875,25.625,87.125,19.40542937766468
322,35.875,25.625,117.875,15.0
323,35.875,25.625,138.375,16.592400304933793
324,35.875,25.625,169.125,37.543251076704344
325,35.875,35.875,25.625,45.32105958417871
326,35.875,35.875,35.875,22.574481142162238
327,35.875,35.875,76.875,20.13722533642166
328,35.875,35.875,97.375,15.898074933913048
329,35.875,46.125,15.375,38.035406613332846
330,35.875,46.125,25.625,15.0
331,35.875,46.125,97.375,33.259317839342515
332,35.875,56.375,25.625,29.128135692070266
333,35.875,66.625,35.875,40.824436916997634
334,35.875,66.625,46.125,15.0
335,35.875,66.625,128.125,25.250380003834273
336,35.875,66.625,148.625,24.805791724605157
337,35.875,76.875,25.625,29.559831636752307
338,35.875,76.875,107.625,21.41727919501248
339,35.875,76.875,189.625,15.0
340,35.875,87.125,66.625,29.78485998085706
341,35.875,87.125,138.375,40.56602482711229
342,35.875,87.125,179.375,19.24922849160661
343,35.875,87.125,189.625,20.00881077226161
344,35.875,87.125,199.875,15.0
345,35.875,97.375,138.375,16.724189415292194
346,35.875,107.625,5.125,27.415131831804345
347,35.875,107.625,15.375,27.482723906233996
348,35.875,107.625,46.125,36.34965520334342
349,35.875,107.625,66.625,20.861973637901954
350,35.875,107.625,87.125,18.652694844618498
351,35.875,117.875,5.125,24.453679748680617
352,35.875,117.875,87.125,17.993400307842624
353,35.875,117.875,158.875,38.34472358364347
354,35.875,117.875,169.125,19.666979923653653
355,35.875,128.125,35.875,25.717765352965337
356,35.875,128.125,117.875,28.96314163551177
357,35.875,128.125,128.125,32.4035050246908
358,35.875,128.125,199.875,51.11263600720242
359,35.875,138.375,5.125,31.555687970103488
360,35.875,138.375,25.625,36.551526515710975
361,35.875,138.375,35.875,50.75298408887774
362,35.875,138.375,56.375,30.892151677891498
363,35.875,148.625,5.125,16.139428444850243
364,35.875,148.625,35.875,17.688630280226473
365,35.875,148.625,56.375,42.29305189725645
366,35.875,148.625,87.125,24.554063923595642
367,35.875,158.875,15.375,25.918003693272357
368,35.875,158.875,87.125,33.14225870338253
369,35.875,158.875,138.375,52.473315139366605
370,35.875,158.875,148.625,43.55706032732712
371,35.875,158.875,169.125,19.41741491947239
372,35.875,158.875,189.625,25.71554069574428
373,35.875,169.125,128.125,25.960537237780887
374,35.875,169.125,138.375,15.0
375,35.875,169.125,189.625,18.33056695479819
376,35.875,169.125,199.875,43.03081544923766
377,35.875,179.375,25.625,34.771106362282545
378,35.875,179.375,128.125,22.127060552248473
379,35.875,179.375,148.625,62.27380025144467
380,35.875,189.625,179.375,15.277517925224085
381,35.875,189.625,189.625,51.37860221671865
382,35.875,189.625,199.875,25.071732130939115
383,35.875,199.875,35.875,17.453339778631307
384,35.875,199.875,128.125,17.59235011635067
385,35.875,199.875,138.375,23.638595728402226
386,35.875,199.875,148.625,21.89659759938791
387,35.875,199.875,158.875,15.0
388,46.125,5.125,15.375,43.640234393748635
389,46.125,5.125,56.375,15.0
390,46.125,5.125,87.125,23.224702265258113
391,46.125,15.375,5.125,37.93917137926685
392,46.125,15.375,66.625,21.02988479690892
393,46.125,15.375,107.625,56.63423676990808
394,46.125,25.625,35.875,15.663909404584198
395,46.125,25.625,46.125,30.74170467223615
396,46.125,25.625,138.375,22.154129210787982
397,46.125,25.625,148.625,15.0
398,46.125,35.875,5.125,62.142616563205785
399,46.125,35.875,25.625,21.72209813810289
400,46.125,35.875,35.875,27.129702082737552
401,46.125,35.875,46.125,15.0
402,46.125,35.875,128.125,17.103460749299366
403,46.125,46.125,15.375,34.7236405726325
404,46.125,46.125,25.625,40.253027248290856
405,46.125,46.125,35.875,19.369085466113397
406,46.125,46.125,189.625,49.763363579816975
407,46.125,56.375,25.625,17.97764645007536
408,46.125,56.375,46.125,34.54502188945628
409,46.125,56.375,117.875,35.085751921701174
410,46.125,56.375,158.875,34.02879785268823
411,46.125,56.375,179.375,22.96963254198539
412,46.125,66.625,35.875,17.150110561106086
413,46.125,66.625,107.625,17.916381804345328
414,46.125,66.625,117.875,80.0
415,46.125,66.625,128.125,19.985525584352303
416,46.125,66.625,169.125,25.7026109214146
417,46.125,66.625,179.375,17.828951206344986
418,46.125,76.875,107.625,18.060734010889377
419,46.125,76.875,117.875,15.0
420,46.125,76.875,128.125,36.95559290225815
421,46.125,76.875,179.375,22.876863813575845
422,46.125,87.125,66.625,25.082245936283766
423,46.125,87.125,97.375,47.14275460589554
424,46.125,107.625,46.125,15.0
425,46.125,117.875,5.125,15.0
426,46.125,117.875,46.125,31.136981340764944
427,46.125,117.875,87.125,26.77493450654266
428,46.125,117.875,138.375,39.83410360636478
429,46.125,117.875,158.875,17.721608993192145
430,46.125,117.875,199.875,28.184873653355755
431,46.125,128.125,46.125,15.0
432,46.125,128.125,87.125,15.0
433,46.125,128.125,158.875,18.365860767778962
434,46.125,128.125,199.875,23.57127165623083
435,46.125,138.375,25.625,19.332378326683536
436,46.125,138.375,56.375,20.817554323660357
437,46.125,138.375,138.375,21.891205630717216
438,46.125,148.625,5.125,31.567791477266784
439,46.125,148.625,138.375,21.302463479723112
440,46.125,148.625,158.875,25.96448388060388
441,46.125,148.625,189.625,36.35876260154723
442,46.125,158.875,15.375,29.97222257069002
443,46.125,158.875,117.875,20.695358767230342
444,46.125,158.875,128.125,19.06437954866689
445,46.125,158.875,138.375,62.91846167016953
446,46.125,158.875,169.125,33.60085230103215
447,46.125,158.875,199.875,38.565955291391795
448,46.125,169.125,5.125,19.99308047749912
449,46.125,169.125,15.375,27.505861539384895
450,46.125,169.125,25.625,30.20499844589541
451,46.125,169.125,87.125,16.656819588787094
452,46.125,169.125,158.875,21.690282828342415
453,46.125,169.125,169.125,23.992863789379783
454,46.125,169.125,179.375,30.090882707402596
455,46.125,169.125,199.875,19.128281154149988
456,46.125,179.375,76.875,27.09240001631466
457,46.125,179.375,117.875,36.2598915305474
458,46.125,179.375,179.375,29.72498412518317
459,46.125,179.375,189.625,19.7572144711141
460,46.125,189.625,25.625,21.60805872143878
461,46.125,189.625,46.125,46.97755049923964
462,46.125,189.625,56.375,35.19876882370099
463,46.125,189.625,128.125,30.93753694070095
464,46.125,189.625,148.625,29.158790731668468
465,46.125,189.625,158.875,17.978748168588154
466,46.125,199.875,76.875,15.0
467,46.125,199.875,128.125,22.1791481808409
468,46.125,199.875,138.375,15.185708367347162
469,46.125,199.875,158.875,27.88609340831267
470,46.125,199.875,169.125,24.76337217312636
471,56.375,5.125,35.875,28.81426225742381
472,56.375,5.125,66.625,33.02229103789596
473,56.375,5.125,158.875,16.289698608222285
474,56.375,15.375,56.375,61.577635544937145
475,56.375,15.375,169.125,19.835065727372978
476,56.375,25.625,97.375,35.606436472960596
477,56.375,35.875,5.125,33.88276134008769
478,56.375,35.875,87.125,20.83687667127603
479,56.375,35.875,128.125,29.67721482749225
480,56.375,46.125,66.625,18.71811374570714
481,56.375,66.625,66.625,27.140040457849516
482,56.375,66.625,107.625,27.10259557120334
483,56.375,66.625,117.875,19.992060254457453
484,56.375,66.625,148.625,32.615448087418805
485,56.375,76.875,107.625,23.367659132408576
486,56.375,76.875,148.625,34.57866250611629
487,56.375,87.125,46.125,21.3412733462143
488,56.375,87.125,76.875,32.29063517552757
489,56.375,87.125,169.125,16.876022867100566
490,56.375,107.625,56.375,20.282905883357447
491,56.375,117.875,5.125,22.78649577065757
492,56.375,117.875,199.875,75.11366999148606
493,56.375,128.125,148.625,35.76761596098625
494,56.375,128.125,158.875,15.0
495,56.375,128.125,199.875,34.25871391085691
496,56.375,138.375,169.125,33.32922418632832
497,56.375,148.625,15.375,15.0
498,56.375,148.625,128.125,15.087585094351105
499,56.375,148.625,138.375,16.335168701594352
500,56.375,148.625,169.125,31.00272485962046
501,56.375,158.875,76.875,27.016676645805987
502,56.375,158.875,87.125,33.06408771847232
503,56.375,158.875,97.375,22.562846811541156
504,56.375,158.875,128.125,35.317230423528294
505,56.375,158.875,138.375,24.1214091180861
506,56.375,158.875,148.625,15.851581961572567
507,56.375,169.125,25.625,17.496718808168573
508,56.375,169.125,87.125,24.72853822704679
509,56.375,169.125,117.875,25.01835297952356
510,56.375,169.125,128.125,19.998373196834184
511,56.375,169.125,179.375,18.137682027647227
512,56.375,179.375,117.875,21.898430159879915
513,56.375,179.375,138.375,35.644142055817724
514,56.375,179.375,169.125,34.63418008918503
515,56.375,179.375,179.375,20.617999945513493
516,56.375,189.625,56.375,48.93459139260059
517,56.375,189.625,117.875,30.598262713503427
518,56.375,189.625,128.125,18.95415653551685
519,56.375,189.625,158.875,15.754309311127283
520,56.375,189.625,169.125,30.452778854903478
521,56.375,199.875,128.125,27.19253804978496
522,56.375,199.875,158.875,39.56579731565738
523,56.375,199.875,179.375,35.8866854149607
524,56.375,199.875,189.625,16.38592868775777
525,66.625,5.125,46.125,20.675674832560137
526,66.625,5.125,148.625,15.0
527,66.625,5.125,158.875,15.0
528,66.625,5.125,169.125,22.87023654061488
529,66.625,15.375,148.625,38.672187771026735
530,66.625,15.375,158.875,25.444906784874405
531,66.625,25.625,76.875,46.82130588719731
532,66.625,25.625,87.125,39.73561084381096
533,66.625,25.625,97.375,15.0
534,66.625,35.875,148.625,34.147018426191075
535,66.625,35.875,199.875,29.584778260983924
536,66.625,46.125,56.375,34.39215598558373
537,66.625,56.375,25.625,21.413447379960243
538,66.625,56.375,148.625,15.893887929754662
539,66.625,56.375,169.125,15.0
540,66.625,56.375,199.875,25.066741828171843
541,66.625,66.625,66.625,15.0
542,66.625,66.625,87.125,16.053320978141553
543,66.625,66.625,148.625,18.781306324552403
544,66.625,66.625,158.875,35.68366703152411
545,66.625,76.875,5.125,15.0
546,66.625,76.875,15.375,75.22926770544177
547,66.625,76.875,25.625,22.52185028848021
548,66.625,76.875,76.875,34.259758404045165
549,66.625,76.875,138.375,15.0
550,66.625,76.875,179.375,47.75846293117244
551,66.625,87.125,15.375,24.957382789282235
552,66.625,87.125,46.125,15.0
553,66.625,87.125,148.625,24.08405788249037
554,66.625,87.125,169.125,33.12778977762004
555,66.625,97.375,138.375,57.408539451639875
556,66.625,107.625,138.375,41.60418365915307
557,66.625,107.625,189.625,15.0
558,66.625,117.875,15.375,23.117995198650203
559,66.625,117.875,107.625,30.506932380279824
560,66.625,117.875,199.875,35.9386098952539
561,66.625,128.125,15.375,18.878367344385126
562,66.625,128.125,138.375,16.997863999430443
563,66.625,128.125,148.625,36.21647214536934
564,66.625,138.375,25.625,23.22410412260765
565,66.625,138.375,66.625,22.23680843336965
566,66.625,138.375,97.375,22.804297720628426
567,66.625,148.625,5.125,40.02093957597474
568,66.625,148.625,25.625,39.38986935742936
569,66.625,148.625,66.625,17.99813272566779
570,66.625,148.625,189.625,52.12553039837236
571,66.625,148.625,199.875,22.439730373857056
572,66.625,158.875,35.875,20.843707818823248
573,66.625,158.875,66.625,30.882547554057187
574,66.625,158.875,76.875,15.130664207010854
575,66.625,158.875,138.375,42.7888515989895
576,66.625,158.875,189.625,29.37745626416439
577,66.625,169.125,107.625,15.963114376531708
578,66.625,169.125,117.875,18.638952020946483
579,66.625,179.375,5.125,18.81339354453916
580,66.625,179.375,76.875,35.46524247244475
581,66.625,179.375,97.375,41.49811714476382
582,66.625,179.375,117.875,21.09616611028062
583,66.625,179.375,138.375,17.87288533680933
584,66.625,179.375,169.125,15.0
585,66.625,179.375,179.375,35.57121625257695
586,66.625,189.625,128.125,35.601663629635375
587,66.625,189.625,189.625,24.69559615776316
588,66.625,189.625,199.875,16.249131622450776
589,66.625,199.875,5.125,23.24678550599789
590,66.625,199.875,46.125,21.36164252402049
591,66.625,199.875,97.375,15.0
592,66.625,199.875,128.125,28.359987871945926
593,66.625,199.875,169.125,23.771009217618893
594,66.625,199.875,179.375,30.005153886812295
595,66.625,199.875,189.625,31.39171797052514
596,66.625,199.875,199.875,40.658568872923226
597,76.875,5.125,5.125,16.574304458830703
598,76.875,5.125,117.875,15.962630957074497
599,76.875,5.125,138.375,51.4478655617474
600,76.875,5.125,148.625,15.0
601,76.875,5.125,199.875,48.66768217291928
602,76.875,15.375,46.125,32.59279626196742
603,76.875,15.375,66.625,19.517390079825155
604,76.875,15.375,158.875,44.32350262850386
605,76.875,15.375,199.875,23.913746687489
606,76.875,25.625,5.125,27.367747240196927
607,76.875,25.625,56.375,32.75558557667154
608,76.875,25.625,87.125,15.23725468113969
609,76.875,35.875,5.125,16.691765031488536
610,76.875,35.875,25.625,36.365008514372185
611,76.875,35.875,35.875,25.977273882218963
612,76.875,35.875,66.625,19.65669336506429
613,76.875,35.875,76.875,18.014319108889655
614,76.875,35.875,138.375,29.748354545589123
615,76.875,35.875,179.375,18.67104307553362
616,76.875,46.125,76.875,15.0
617,76.875,46.125,87.125,15.0
618,76.875,46.125,97.375,38.40624126044146
619,76.875,46.125,189.625,20.40973270509502
620,76.875,46.125,199.875,21.937218548617935
621,76.875,56.375,5.125,24.674938831227294
622,76.875,56.375,148.625,28.08394134381934
623,76.875,56.375,179.375,15.0
624,76.875,56.375,199.875,48.199075159361854
625,76.875,66.625,15.375,34.6793537090832
626,76.875,66.625,107.625,15.0
627,76.875,76.875,15.375,40.74200013496457
628,76.875,76.875,138.375,47.46658681066291
629,76.875,87.125,25.625,36.75832056482334
630,76.875,87.125,107.625,15.0
631,76.875,87.125,138.375,17.320592890077748
632,76.875,97.375,107.625,46.990656503056364
633,76.875,97.375,199.875,18.951075206775048
634,76.875,107.625,5.125,27.421630683574072
635,76.875,107.625,189.625,27.944737721366803
636,76.875,107.625,199.875,30.90344157308081
637,76.875,117.875,66.625,30.966998253577152
638,76.875,117.875,97.375,18.988501467098867
639,76.875,117.875,107.625,15.772199691436803
640,76.875,117.875,128.125,15.0
641,76.875,128.125,15.375,31.68293193901672
642,76.875,128.125,35.875,27.56797382540123
643,76.875,128.125,107.625,37.429476157649205
644,76.875,128.125,128.125,16.08207569752531
645,76.875,128.125,138.375,21.571884776487337
646,76.875,138.375,5.125,22.18073338912742
647,76.875,138.375,15.375,22.839881888940294
648,76.875,138.375,25.625,41.2078018523308
649,76.875,138.375,56.375,46.58621770479168
650,76.875,148.625,25.625,34.77882740021177
651,76.875,148.625,76.875,27.82954776813385
652,76.875,148.625,199.875,37.027903937246116
653,76.875,158.875,35.875,31.99503522485387
654,76.875,158.875,117.875,26.984276442436162
655,76.875,169.125,15.375,15.0
656,76.875,169.125,97.375,41.930112287002714
657,76.875,169.125,107.625,15.0
658,76.875,169.125,128.125,15.0
659,76.875,169.125,148.625,21.42915451915838
660,76.875,169.125,158.875,58.26204369486773
661,76.875,179.375,97.375,18.333738970624463
662,76.875,179.375,148.625,30.326593813563225
663,76.875,179.375,179.375,41.45212943351073
664,76.875,179.375,189.625,31.50913498776418
665,76.875,179.375,199.875,15.0
666,76.875,189.625,107.625,32.38937388057539
667,76.875,189.625,189.625,16.51725362528744
668,76.875,189.625,199.875,15.804007970916246
669,76.875,199.875,87.125,36.91076139265566
670,76.875,199.875,97.375,22.99023756843576
671,76.875,199.875,107.625,41.530531182312174
672,87.125,5.125,35.875,27.691423360904476
673,87.125,5.125,128.125,17.01981446282868
674,87.125,5.125,179.375,30.269489340687908
675,87.125,15.375,15.375,25.654379401314113
676,87.125,15.375,76.875,26.32800297646097
677,87.125,15.375,87.125,15.0
678,87.125,15.375,128.125,22.279790481233583
679,87.125,15.375,179.375,34.6735126863995
680,87.125,25.625,76.875,40.363539328407256
681,87.125,25.625,87.125,40.190613906940825
682,87.125,25.625,189.625,26.36062827246694
683,87.125,35.875,56.375,15.0
684,87.125,35.875,66.625,43.35457780496559
685,87.125,35.875,76.875,52.321656812742226
686,87.125,35.875,87.125,23.333251384896858
687,87.125,35.875,189.625,18.139898119844922
688,87.125,35.875,199.875,26.771690582846006
689,87.125,46.125,15.375,19.16236942298903
690,87.125,46.125,56.375,35.69040247447174
691,87.125,46.125,66.625,26.18857756222346
692,87.125,46.125,76.875,25.054126679297546
693,87.125,46.125,117.875,33.511943872810114
694,87.125,46.125,158.875,33.89466882348083
695,87.125,46.125,189.625,15.0
696,87.125,56.375,15.375,16.658009800040784
697,87.125,56.375,35.875,15.0
698,87.125,56.375,56.375,17.961006345503037
699,87.125,56.375,148.625,15.0
700,87.125,56.375,158.875,49.83169373903481
701,87.125,56.375,169.125,29.326630543608083
702,87.125,56.375,189.625,19.241092993043726
703,87.125,66.625,56.375,55.32823266137975
704,87.125,66.625,158.875,31.931843890983675
705,87.125,76.875,97.375,38.90209643415385
706,87.125,87.125,15.375,18.30634159540375
707,87.125,87.125,25.625,16.67021785266997
708,87.125,87.125,107.625,17.487443527355627
709,87.125,87.125,158.875,31.72497958404611
710,87.125,87.125,179.375,52.58232877876944
711,87.125,97.375,5.125,18.04165433847065
712,87.125,97.375,15.375,30.8075876127351
713,87.125,97.375,56.375,26.55673563530746
714,87.125,97.375,66.625,35.84631605832621
715,87.125,97.375,97.375,31.914323497749237
716,87.125,97.375,107.625,15.0
717,87.125,97.375,169.125,29.544004816185453
718,87.125,107.625,56.375,15.0
719,87.125,107.625,128.125,17.93028502767583
720,87.125,117.875,15.375,23.28765039828192
721,87.125,117.875,87.125,39.861973863288995
722,87.125,117.875,97.375,34.96130067143656
723,87.125,117.875,107.625,23.297618479195382
724,87.125,117.875,179.375,52.57224581774408
725,87.125,128.125,56.375,15.326597405844877
726,87.125,128.125,76.875,35.06129569934911
727,87.125,128.125,87.125,16.658544600762948
728,87.125,128.125,138.375,38.73602584618776
729,87.125,128.125,148.625,16.8394569761738
730,87.125,128.125,158.875,21.12517875038411
731,87.125,138.375,56.375,33.06478990814795
732,87.125,138.375,87.125,28.26386198487943
733,87.125,148.625,35.875,30.147058653671895
734,87.125,158.875,25.625,27.23830944338043
735,87.125,158.875,35.875,29.84664503311858
736,87.125,158.875,46.125,27.524098834744976
737,87.125,169.125,46.125,24.966936426048687
738,87.125,169.125,148.625,16.88427220952725
739,87.125,169.125,158.875,16.400964965487308
740,87.125,179.375,35.875,22.065877574637348
741,87.125,179.375,97.375,41.18452254843424
742,87.125,179.375,107.625,40.63079169323034
743,87.125,179.375,117.875,32.72869496201449
744,87.125,179.375,148.625,17.205586344877062
745,87.125,179.375,169.125,27.324536595691136
746,87.125,179.375,199.875,31.111545599655432
747,87.125,189.625,5.125,59.00160482072958
748,87.125,189.625,35.875,15.0
749,87.125,189.625,87.125,20.3867605057947
750,87.125,189.625,97.375,20.69633425224365
751,87.125,189.625,107.625,15.0
752,87.125,189.625,117.875,26.954666918515187
753,87.125,189.625,179.375,22.93499789401225
754,87.125,189.625,199.875,42.78493770222955
755,87.125,199.875,5.125,25.830371015387417
756,87.125,199.875,97.375,30.084458860893776
757,87.125,199.875,179.375,20.11249216942873
758,87.125,199.875,189.625,39.42078748167344
759,97.375,5.125,5.125,15.0
760,97.375,5.125,158.875,34.44543118997686
761,97.375,15.375,15.375,22.202426028530724
762,97.375,35.875,76.875,43.818050528956775
763,97.375,35.875,87.125,21.4290270293465
764,97.375,35.875,148.625,26.163111840319257
765,97.375,35.875,199.875,25.660777188650034
766,97.375,46.125,56.375,15.0
767,97.375,46.125,66.625,31.926207796411447
768,97.375,46.125,76.875,16.88563180935
769,97.375,46.125,87.125,24.36185402299017
770,97.375,46.125,117.875,45.75535156391679
771,97.375,46.125,189.625,18.736744405836586
772,97.375,56.375,66.625,70.62648876016975
773,97.375,56.375,87.125,45.973449188313744
774,97.375,56.375,97.375,58.99646082957875
775,97.375,56.375,148.625,26.81507739353965
776,97.375,56.375,158.875,15.0
777,97.375,66.625,66.625,27.538658727146185
778,97.375,66.625,76.875,18.031914724928335
779,97.375,66.625,138.375,25.575770631562744
780,97.375,66.625,148.625,19.57538486563178
781,97.375,66.625,158.875,15.0
782,97.375,76.875,15.375,17.0882249634628
783,97.375,76.875,148.625,17.926151170147417
784,97.375,76.875,158.875,33.10243466392027
785,97.375,76.875,169.125,21.47664699631543
786,97.375,76.875,179.375,43.277953301430045
787,97.375,87.125,5.125,15.0
788,97.375,87.125,25.625,21.311531175269433
789,97.375,87.125,87.125,46.980695930971045
790,97.375,87.125,158.875,25.069785589358517
791,97.375,87.125,189.625,33.3442837032765
792,97.375,97.375,5.125,15.0
793,97.375,97.375,15.375,20.48206783418685
794,97.375,97.375,56.375,21.56557497633042
795,97.375,97.375,97.375,29.42528589459655
796,97.375,97.375,107.625,15.0
797,97.375,97.375,117.875,25.326340358045858
798,97.375,97.375,128.125,45.57741337690401
799,97.375,97.375,158.875,37.09120146131812
800,97.375,97.375,169.125,15.0
801,97.375,107.625,35.875,18.376241334948823
802,97.375,107.625,169.125,21.185702102133416
803,97.375,107.625,179.375,54.21136101280596
804,97.375,117.875,35.875,34.14771467070083
805,97.375,117.875,46.125,20.863124620207515
806,97.375,117.875,66.625,29.902013867440843
807,97.375,128.125,46.125,30.248610085537702
808,97.375,128.125,56.375,15.0
809,97.375,128.125,66.625,68.18340311636607
810,97.375,138.375,56.375,40.66420192354042
811,97.375,138.375,87.125,17.178024524111656
812,97.375,138.375,97.375,17.186809738270696
813,97.375,148.625,107.625,15.0
814,97.375,148.625,179.375,17.417467684465123
815,97.375,158.875,66.625,19.50842897065774
816,97.375,158.875,76.875,23.591138622672293
817,97.375,158.875,107.625,29.537052632271756
818,97.375,158.875,138.375,33.86923810807923
819,97.375,158.875,169.125,15.0
820,97.375,158.875,179.375,37.45744905422418
821,97.375,158.875,199.875,15.0
822,97.375,169.125,35.875,18.735363035331343
823,97.375,169.125,46.125,72.26200470232297
824,97.375,169.125,76.875,15.0
825,97.375,169.125,117.875,15.0
826,97.375,169.125,128.125,27.144039955227157
827,97.375,169.125,169.125,15.311959702918646
828,97.375,169.125,179.375,30.74539512767392
829,97.375,169.125,199.875,19.909064107077878
830,97.375,179.375,5.125,30.345556140434468
831,97.375,179.375,25.625,15.0
832,97.375,179.375,35.875,15.0
833,97.375,179.375,97.375,33.40400247025202
834,97.375,179.375,169.125,30.955150151321988
835,97.375,179.375,179.375,20.723267975378516
836,97.375,179.375,189.625,21.073064364809014
837,97.375,179.375,199.875,27.038423449297458
838,97.375,189.625,15.375,15.465940273000763
839,97.375,189.625,87.125,26.59827993116684
840,97.375,189.625,107.625,35.208234984401784
841,97.375,189.625,169.125,15.744125819627735
842,97.375,189.625,179.375,34.799245960519485
843,97.375,189.625,189.625,33.66177977897799
844,97.375,189.625,199.875,15.0
845,97.375,199.875,5.125,16.40824665487989
846,97.375,199.875,15.375,38.6109836772033
847,97.375,199.875,25.625,33.525968527701906
848,97.375,199.875,66.625,80.0
849,97.375,199.875,76.875,27.421622512460623
850,97.375,199.875,107.625,32.04331220578605
851,97.375,199.875,169.125,42.27855589309291
852,97.375,199.875,199.875,27.1066465701444
853,107.625,5.125,56.375,30.930620245851774
854,107.625,5.125,66.625,53.60865496119222
855,107.625,5.125,76.875,39.16662502104376
856,107.625,5.125,87.125,42.79711133066696
857,107.625,5.125,97.375,29.38841199938715
858,107.625,5.125,179.375,24.458507001938976
859,107.625,15.375,56.375,20.748733541645368
860,107.625,15.375,66.625,16.888212800962812
861,107.625,15.375,107.625,22.41205574762647
862,107.625,15.375,169.125,19.671346870583704
863,107.625,35.875,25.625,16.158003892228415
864,107.625,35.875,87.125,19.8192574209347
865,107.625,46.125,15.375,22.873721691043656
866,107.625,46.125,35.875,34.60981529279188
867,107.625,46.125,56.375,15.390420848403338
868,107.625,46.125,66.625,49.64065557904627
869,107.625,46.125,148.625,32.46109149092982
870,107.625,56.375,15.375,39.40631653416668
871,107.625,56.375,87.125,46.92188211985772
872,107.625,56.375,138.375,17.650012626166216
873,107.625,56.375,148.625,22.712925377800556
874,107.625,56.375,158.875,19.222563378178332
875,107.625,56.375,169.125,44.406104882964584
876,107.625,66.625,87.125,42.63467520508757
877,107.625,66.625,97.375,27.314922705571902
878,107.625,66.625,107.625,15.0
879,107.625,66.625,138.375,38.74000121203797
880,107.625,66.625,169.125,33.42909667006693
881,107.625,66.625,179.375,26.83262051732753
882,107.625,76.875,5.125,57.47366184957736
883,107.625,76.875,87.125,19.605881567389044
884,107.625,87.125,35.875,36.12126414688622
885,107.625,87.125,46.125,24.855301160730598
886,107.625,87.125,56.375,59.340356957526616
887,107.625,97.375,25.625,26.131447080961554
888,107.625,97.375,46.125,26.375854123486906
889,107.625,97.375,56.375,21.68957626164731
890,107.625,107.625,56.375,16.64148683282216
891,107.625,107.625,66.625,31.894873446387543
892,107.625,107.625,107.625,25.43775074491083
893,107.625,107.625,117.875,28.03714920656661
894,107.625,107.625,128.125,15.0
895,107.625,107.625,169.125,52.50304465379852
896,107.625,117.875,35.875,40.824353753415124
897,107.625,117.875,46.125,23.384379341629675
898,107.625,117.875,76.875,33.18995801000287
899,107.625,117.875,97.375,28.205510188305322
900,107.625,117.875,107.625,69.26283334092483
901,107.625,117.875,117.875,25.391917989359023
902,107.625,117.875,148.625,15.0
903,107.625,128.125,76.875,19.39882265126488
904,107.625,128.125,128.125,35.86140653026646
905,107.625,128.125,138.375,53.15200224253893
906,107.625,138.375,97.375,42.116563093330164
907,107.625,138.375,138.375,15.0
908,107.625,138.375,158.875,27.38885886218952
909,107.625,148.625,35.875,19.50784770145364
910,107.625,148.625,97.375,42.01987053242342
911,107.625,158.875,25.625,16.968795500827113
912,107.625,158.875,35.875,15.856237591954805
913,107.625,158.875,97.375,39.921462326940855
914,107.625,169.125,5.125,45.397528419541494
915,107.625,169.125,35.875,26.466546007288297
916,107.625,169.125,97.375,23.356984459872347
917,107.625,169.125,107.625,22.709386446956014
918,107.625,169.125,128.125,15.0
919,107.625,169.125,138.375,47.32781784244509
920,107.625,169.125,199.875,18.8349742826837
921,107.625,179.375,5.125,23.041103516100318
922,107.625,179.375,35.875,22.83985613696621
923,107.625,179.375,169.125,46.51805182371613
924,107.625,179.375,179.375,27.928118653651417
925,107.625,179.375,199.875,16.038088179526618
926,107.625,189.625,5.125,22.92837108926242
927,107.625,189.625,66.625,20.786036269946404
928,107.625,189.625,138.375,36.10865675521741
929,107.625,199.875,5.125,23.932018449647604
930,107.625,199.875,15.375,15.00253183110986
931,107.625,199.875,46.125,24.053252318017176
932,107.625,199.875,148.625,63.976521644639575
933,117.875,5.125,5.125,35.260891182003085
934,117.875,5.125,35.875,42.081389512096024
935,117.875,5.125,46.125,51.30799728997681
936,117.875,5.125,56.375,18.367753841166795
937,117.875,5.125,66.625,23.23701727411464
938,117.875,5.125,76.875,15.624259622333433
939,117.875,5.125,87.125,15.0
940,117.875,5.125,117.875,33.07672300406708
941,117.875,5.125,128.125,20.898846015351314
942,117.875,5.125,169.125,26.992745852877984
943,117.875,5.125,179.375,15.0
944,117.875,15.375,5.125,15.0
945,117.875,15.375,25.625,15.0
946,117.875,15.375,35.875,26.521760848769397
947,117.875,15.375,56.375,25.04681620510004
948,117.875,15.375,66.625,51.46925623170085
949,117.875,15.375,76.875,17.726069003209112
950,117.875,15.375,97.375,34.37040485848354
951,117.875,15.375,107.625,22.403280606024282
952,117.875,15.375,128.125,32.98246112905555
953,117.875,15.375,169.125,33.5121009509409
954,117.875,15.375,179.375,36.84340556626476
955,117.875,25.625,15.375,19.604876704100516
956,117.875,25.625,76.875,51.90870745409193
957,117.875,25.625,87.125,15.0
958,117.875,25.625,97.375,37.97865770314878
959,117.875,25.625,107.625,15.0
960,117.875,35.875,5.125,29.76154913261111
961,117.875,35.875,35.875,29.59111448843663
962,117.875,46.125,66.625,39.36748455871588
963,117.875,46.125,87.125,15.0
964,117.875,46.125,138.375,28.887225538727492
965,117.875,46.125,148.625,20.6599956183828
966,117.875,56.375,66.625,23.975630450444708
967,117.875,56.375,107.625,34.59825209323832
968,117.875,56.375,138.375,45.380501645521534
969,117.875,56.375,148.625,30.655996151824375
970,117.875,66.625,97.375,49.740274866503725
971,117.875,76.875,87.125,21.19381752719949
972,117.875,76.875,97.375,25.061739945702115
973,117.875,76.875,107.625,31.534569940214748
974,117.875,76.875,138.375,24.267221542133548
975,117.875,76.875,169.125,21.233666339070712
976,117.875,87.125,97.375,24.542524678335358
977,117.875,87.125,138.375,48.48378983358786
978,117.875,87.125,148.625,46.447421005905255
979,117.875,97.375,107.625,15.0
980,117.875,97.375,169.125,26.351690027003507
981,117.875,107.625,25.625,15.0
982,117.875,107.625,56.375,21.69933265192063
983,117.875,107.625,66.625,27.379149122227307
984,117.875,107.625,107.625,19.014531482711085
985,117.875,107.625,117.875,18.917962593794844
986,117.875,107.625,128.125,18.813334823561163
987,117.875,107.625,158.875,36.19473820319425
988,117.875,107.625,169.125,15.0
989,117.875,117.875,35.875,30.14287519891589
990,117.875,117.875,46.125,22.676308488759933
991,117.875,117.875,66.625,17.25464496693285
992,117.875,117.875,76.875,28.819950202788963
993,117.875,117.875,97.375,16.810030549170797
994,117.875,117.875,107.625,40.71057618569938
995,117.875,117.875,169.125,35.467612649534836
996,117.875,128.125,35.875,22.856603692679982
997,117.875,128.125,46.125,24.17306416118807
998,117.875,128.125,76.875,29.04543845580663
999,117.875,138.375,46.125,36.595043200104726
1000,117.875,148.625,97.375,72.08770932917251
1001,117.875,148.625,148.625,30.798944840333814
1002,117.875,148.625,158.875,45.37289948724184
1003,117.875,148.625,169.125,19.72033143300237
1004,117.875,148.625,189.625,31.975283037764967
1005,117.875,158.875,35.875,15.722198264933658
1006,117.875,158.875,87.125,32.04430621684083
1007,117.875,158.875,97.375,43.84659297827915
1008,117.875,158.875,107.625,15.0
1009,117.875,169.125,66.625,70.08467525677813
1010,117.875,169.125,76.875,36.60897025991585
1011,117.875,169.125,97.375,37.23252875904898
1012,117.875,169.125,107.625,16.4664816805244
1013,117.875,169.125,169.125,41.98581647076015
1014,117.875,169.125,189.625,22.178401854644864
1015,117.875,169.125,199.875,17.590557599551087
1016,117.875,179.375,97.375,60.018009148687995
1017,117.875,179.375,107.625,31.01778164865159
1018,117.875,179.375,199.875,25.230128188458053
1019,117.875,189.625,199.875,24.73073161417511
1020,117.875,199.875,66.625,80.0
1021,117.875,199.875,76.875,21.477138105071973
1022,117.875,199.875,107.625,38.48178065506372
1023,128.125,5.125,5.125,15.709832126726393
1024,128.125,5.125,15.375,15.0
1025,128.125,5.125,35.875,42.19043849921583
1026,128.125,5.125,87.125,16.957572540294343
1027,128.125,5.125,107.625,80.0
1028,128.125,5.125,128.125,17.86391919533162
1029,128.125,5.125,148.625,24.06540177377291
1030,128.125,15.375,35.875,18.5173526907827
1031,128.125,15.375,66.625,35.61779675156634
1032,128.125,15.375,107.625,20.051561191720886
1033,128.125,25.625,5.125,15.0
1034,128.125,25.625,15.375,68.56570398039621
1035,128.125,25.625,56.375,29.64285283463865
1036,128.125,25.625,87.125,43.28709852850476
1037,128.125,25.625,97.375,49.141813568867114
1038,128.125,25.625,107.625,15.0
1039,128.125,25.625,169.125,15.0
1040,128.125,35.875,15.375,15.0
1041,128.125,35.875,107.625,15.541585679598183
1042,128.125,46.125,66.625,33.581330437183546
1043,128.125,46.125,138.375,25.89750022165053
1044,128.125,56.375,46.125,21.70026593358043
1045,128.125,56.375,87.125,15.0
1046,128.125,56.375,169.125,32.280742874647956
1047,128.125,56.375,179.375,24.787849974875513
1048,128.125,66.625,5.125,17.248147558974107
1049,128.125,66.625,66.625,25.234350934722062
1050,128.125,76.875,158.875,16.848679438374234
1051,128.125,76.875,169.125,30.513980421951775
1052,128.125,87.125,97.375,38.98091640924177
1053,128.125,97.375,128.125,15.0
1054,128.125,97.375,169.125,66.3747039106868
1055,128.125,97.375,179.375,26.025296400771335
1056,128.125,97.375,199.875,26.71145572857246
1057,128.125,107.625,56.375,15.0
1058,128.125,107.625,107.625,15.06265618661634
1059,128.125,107.625,117.875,19.042445044867108
1060,128.125,107.625,128.125,33.24583617172533
1061,128.125,107.625,169.125,23.679421947013413
1062,128.125,107.625,179.375,15.0
1063,128.125,117.875,46.125,32.45812475627436
1064,128.125,117.875,117.875,15.0
1065,128.125,117.875,128.125,15.0
1066,128.125,117.875,158.875,22.251116153450788
1067,128.125,117.875,169.125,15.0
1068,128.125,128.125,46.125,28.869571370094675
1069,128.125,128.125,56.375,63.64181352745388
1070,128.125,128.125,66.625,20.426104075729697
1071,128.125,128.125,128.125,15.0
1072,128.125,128.125,138.375,26.79046224628095
1073,128.125,128.125,148.625,15.0
1074,128.125,128.125,158.875,28.37123063128193
1075,128.125,128.125,169.125,15.173852437704689
1076,128.125,138.375,15.375,15.0
1077,128.125,138.375,35.875,21.168313147430002
1078,128.125,138.375,107.625,26.371949797477562
1079,128.125,138.375,117.875,23.569408390459834
1080,128.125,138.375,138.375,28.399662930222558
1081,128.125,148.625,5.125,22.80240996804189
1082,128.125,148.625,46.125,46.12415707476053
1083,128.125,148.625,76.875,24.556638061831766
1084,128.125,148.625,107.625,31.810364484598363
1085,128.125,148.625,117.875,48.24702337177257
1086,128.125,148.625,128.125,34.85339043255389
1087,128.125,148.625,148.625,21.557110888487465
1088,128.125,158.875,5.125,61.66321829727239
1089,128.125,158.875,76.875,16.463719153514326
1090,128.125,169.125,5.125,18.785247898202265
1091,128.125,169.125,25.625,24.112552848501714
1092,128.125,169.125,87.125,29.35233681923514
1093,128.125,169.125,97.375,36.241475001251615
1094,128.125,169.125,107.625,29.30297104075862
1095,128.125,169.125,117.875,26.514229194574533
1096,128.125,169.125,148.625,24.251825201032794
1097,128.125,169.125,158.875,16.90263825715669
1098,128.125,169.125,169.125,32.752116898560324
1099,128.125,179.375,15.375,40.2071401934367
1100,128.125,179.375,97.375,22.039401501336688
1101,128.125,179.375,107.625,15.0
1102,128.125,179.375,117.875,34.66162698119233
1103,128.125,179.375,128.125,45.659857037898334
1104,128.125,179.375,148.625,42.907899450089985
1105,128.125,179.375,158.875,29.42279013369091
1106,128.125,179.375,189.625,16.04354577720024
1107,128.125,189.625,117.875,30.610304664314146
1108,128.125,189.625,128.125,51.88307199032388
1109,128.125,189.625,148.625,15.0
1110,128.125,199.875,87.125,73.17781693920092
1111,128.125,199.875,128.125,23.741140781579066
1112,128.125,199.875,158.875,46.55391745871606
1113,128.125,199.875,179.375,15.0
1114,128.125,199.875,189.625,24.801065961798162
1115,138.375,5.125,107.625,17.03124216346669
1116,138.375,5.125,179.375,16.698356217975196
1117,138.375,15.375,158.875,21.883693534451336
1118,138.375,15.375,169.125,53.264332268446736
1119,138.375,15.375,179.375,44.961353168175684
1120,138.375,25.625,5.125,31.98804899831069
1121,138.375,25.625,15.375,28.123531343722306
1122,138.375,25.625,169.125,36.53159537023369
1123,138.375,25.625,179.375,25.61445668301797
1124,138.375,25.625,189.625,15.0
1125,138.375,35.875,15.375,32.60736861437418
1126,138.375,35.875,87.125,19.976913143316025
1127,138.375,35.875,97.375,18.089126434491607
1128,138.375,35.875,169.125,17.488240290922963
1129,138.375,35.875,179.375,31.12754517550683
1130,138.375,46.125,5.125,18.380696615865418
1131,138.375,46.125,179.375,40.74816473793413
1132,138.375,56.375,76.875,37.958032284017456
1133,138.375,56.375,179.375,25.55303296213584
1134,138.375,56.375,189.625,19.044819236804752
1135,138.375,66.625,189.625,34.36990221293729
1136,138.375,76.875,25.625,32.72354443325976
1137,138.375,76.875,76.875,32.21231770032133
1138,138.375,76.875,128.125,52.861726978077385
1139,138.375,76.875,158.875,31.495652456261137
1140,138.375,87.125,35.875,29.076868419616158
1141,138.375,87.125,87.125,68.11552633686824
1142,138.375,87.125,107.625,16.911806404922107
1143,138.375,87.125,117.875,15.0
1144,138.375,87.125,128.125,27.934315062294424
1145,138.375,87.125,148.625,15.0
1146,138.375,97.375,5.125,40.88193469336611
1147,138.375,97.375,66.625,35.01199160159291
1148,138.375,97.375,87.125,27.173476060730103
1149,138.375,97.375,138.375,15.0
1150,138.375,97.375,148.625,15.0
1151,138.375,97.375,169.125,19.781082699521328
1152,138.375,97.375,179.375,38.724203594465806
1153,138.375,97.375,189.625,23.179099429426163
1154,138.375,107.625,107.625,15.0
1155,138.375,107.625,169.125,22.128988410435927
1156,138.375,107.625,179.375,15.0
1157,138.375,117.875,15.375,58.73487295457568
1158,138.375,117.875,46.125,30.3416166494179
1159,138.375,117.875,56.375,34.20640353837032
1160,138.375,117.875,66.625,23.230450768258972
1161,138.375,117.875,128.125,15.0
1162,138.375,117.875,138.375,15.05612186862922
1163,138.375,117.875,148.625,22.60365878142822
1164,138.375,117.875,158.875,22.39226968977522
1165,138.375,117.875,169.125,27.49844395143177
1166,138.375,117.875,179.375,21.256484233427987
1167,138.375,117.875,189.625,16.71305644631531
1168,138.375,117.875,199.875,45.14548955481701
1169,138.375,128.125,46.125,16.629935478877204
1170,138.375,128.125,66.625,15.0
1171,138.375,128.125,87.125,22.961255300559486
1172,138.375,128.125,138.375,18.93748595122871
1173,138.375,128.125,169.125,61.31161855407729
1174,138.375,128.125,189.625,17.989159861632796
1175,138.375,138.375,46.125,24.09653369518028
1176,138.375,138.375,97.375,29.851407623832333
1177,138.375,138.375,107.625,25.839586711604657
1178,138.375,138.375,117.875,20.424258339134585
1179,138.375,148.625,5.125,15.0
1180,138.375,148.625,15.375,30.066911966681488
1181,138.375,148.625,25.625,18.952259014721736
1182,138.375,148.625,97.375,27.14930751654394
1183,138.375,148.625,107.625,37.80325837581044
1184,138.375,148.625,158.875,28.884019247302025
1185,138.375,148.625,169.125,26.584202148777592
1186,138.375,148.625,179.375,22.531734746519774
1187,138.375,158.875,158.875,37.55061988788282
1188,138.375,169.125,128.125,57.193833037739644
1189,138.375,169.125,158.875,31.21614746164286
1190,138.375,179.375,56.375,15.780962262795082
1191,138.375,179.375,97.375,25.36906857924229
1192,138.375,179.375,107.625,30.611014776312924
1193,138.375,179.375,158.875,35.885867564571406
1194,138.375,189.625,46.125,36.59957956069869
1195,138.375,199.875,66.625,15.0
1196,138.375,199.875,76.875,29.776957098707683
1197,138.375,199.875,87.125,15.0
1198,138.375,199.875,97.375,17.57424096848577
1199,138.375,199.875,107.625,15.0
1200,148.625,5.125,5.125,15.0
1201,148.625,5.125,15.375,28.012066230119295
1202,148.625,5.125,25.625,18.794077613997494
1203,148.625,5.125,46.125,29.127178074752702
1204,148.625,5.125,97.375,15.0
1205,148.625,5.125,107.625,15.0
1206,148.625,5.125,169.125,15.0
1207,148.625,5.125,179.375,15.0
1208,148.625,5.125,189.625,17.652430188857988
1209,148.625,15.375,5.125,22.91609287953761
1210,148.625,15.375,15.375,23.38936525294562
1211,148.625,15.375,35.875,15.810283340582973
1212,148.625,15.375,97.375,24.341699149338226
1213,148.625,15.375,128.125,21.62690304518842
1214,148.625,15.375,169.125,15.0
1215,148.625,15.375,179.375,15.0
1216,148.625,25.625,25.625,15.0
1217,148.625,25.625,97.375,20.33775109257796
1218,148.625,25.625,169.125,26.82742661861511
1219,148.625,25.625,189.625,34.223128479046736
1220,148.625,46.125,66.625,29.82306684620614
1221,148.625,46.125,87.125,18.56652230519732
1222,148.625,46.125,97.375,39.15673631907826
1223,148.625,46.125,169.125,18.245994523868927
1224,148.625,46.125,179.375,19.861302514735122
1225,148.625,56.375,117.875,15.0
1226,148.625,56.375,128.125,15.0
1227,148.625,66.625,46.125,28.12439288465449
1228,148.625,66.625,66.625,19.69213306086428
1229,148.625,66.625,107.625,18.90150784573739
1230,148.625,66.625,189.625,32.70234558971783
1231,148.625,76.875,15.375,50.204157154457576
1232,148.625,76.875,117.875,33.82883048186817
1233,148.625,87.125,35.875,19.27896730508725
1234,148.625,87.125,46.125,50.28866295251478
1235,148.625,87.125,117.875,22.09913233143417
1236,148.625,97.375,138.375,18.49273423261329
1237,148.625,97.375,148.625,37.84764862291824
1238,148.625,107.625,25.625,15.0
1239,148.625,107.625,107.625,18.239845729670385
1240,148.625,107.625,128.125,19.9087093516953
1241,148.625,107.625,148.625,20.50929371391104
1242,148.625,107.625,158.875,20.086968137517154
1243,148.625,107.625,169.125,24.540516074954592
1244,148.625,117.875,25.625,15.0
1245,148.625,117.875,46.125,15.0
1246,148.625,117.875,97.375,26.71947471114989
1247,148.625,117.875,128.125,24.75969140259818
1248,148.625,117.875,138.375,60.037768708041234
1249,148.625,117.875,158.875,32.16966036456326
1250,148.625,117.875,169.125,36.393215584188304
1251,148.625,128.125,179.375,15.0
1252,148.625,128.125,199.875,15.578923290602212
1253,148.625,138.375,199.875,18.267901705218005
1254,148.625,148.625,46.125,24.582123559659664
1255,148.625,148.625,87.125,23.752383669660535
1256,148.625,158.875,15.375,23.666590863900648
1257,148.625,169.125,97.375,29.740546741212555
1258,148.625,179.375,35.875,34.129960744693406
1259,148.625,179.375,128.125,22.834905579366417
1260,148.625,179.375,189.625,47.39090292514053
1261,148.625,179.375,199.875,16.487741209910414
1262,148.625,189.625,15.375,47.36968094433517
1263,148.625,189.625,76.875,15.0
1264,148.625,189.625,87.125,24.63388083420248
1265,148.625,189.625,189.625,19.605680608142354
1266,148.625,189.625,199.875,15.0
1267,148.625,199.875,5.125,19.13505745839071
1268,148.625,199.875,15.375,20.06323290843364
1269,148.625,199.875,76.875,17.77782699231965
1270,148.625,199.875,87.125,33.21566312705969
1271,148.625,199.875,107.625,44.54280960704699
1272,148.625,199.875,138.375,21.65368073003523
1273,148.625,199.875,169.125,32.844347784549754
1274,148.625,199.875,179.375,42.64898264808586
1275,148.625,199.875,199.875,27.253503392993387
1276,158.875,5.125,5.125,22.478719185015187
1277,158.875,5.125,56.375,15.0
1278,158.875,5.125,66.625,30.69874429675497
1279,158.875,5.125,148.625,35.20792425399071
1280,158.875,5.125,158.875,17.653910136332314
1281,158.875,5.125,199.875,20.17185059710503
1282,158.875,15.375,5.125,26.112388373539655
1283,158.875,15.375,15.375,66.96218027141013
1284,158.875,15.375,25.625,19.420968894575836
1285,158.875,25.625,25.625,20.462185634538933
1286,158.875,25.625,56.375,20.102141863944755
1287,158.875,35.875,128.125,39.35010397217439
1288,158.875,46.125,5.125,28.599643911770094
1289,158.875,46.125,25.625,54.16694873974789
1290,158.875,46.125,179.375,29.463102299434123
1291,158.875,46.125,189.625,23.53241856709503
1292,158.875,56.375,5.125,24.05742143132484
1293,158.875,56.375,15.375,22.397687981826856
1294,158.875,56.375,35.875,15.0
1295,158.875,56.375,117.875,17.188103327156046
1296,158.875,56.375,128.125,15.0
1297,158.875,56.375,179.375,43.950189589712636
1298,158.875,56.375,189.625,34.138224280266456
1299,158.875,66.625,5.125,52.86621102584736
1300,158.875,66.625,15.375,35.061597362384106
1301,158.875,66.625,25.625,33.379933505964196
1302,158.875,66.625,35.875,23.919202007411876
1303,158.875,66.625,117.875,26.171584807364678
1304,158.875,66.625,128.125,28.84381645409145
1305,158.875,66.625,169.125,33.525627614886155
1306,158.875,76.875,35.875,22.526594380203754
1307,158.875,76.875,46.125,15.0
1308,158.875,76.875,107.625,22.09863740139981
1309,158.875,76.875,117.875,21.2631065845601
1310,158.875,87.125,35.875,29.65409276061288
1311,158.875,87.125,46.125,26.002455532989273
1312,158.875,87.125,87.125,15.0
1313,158.875,87.125,138.375,25.71090015160663
1314,158.875,87.125,148.625,22.014039669535585
1315,158.875,87.125,199.875,35.76266318668629
1316,158.875,97.375,97.375,23.4624521087698
1317,158.875,97.375,138.375,74.10204743072626
1318,158.875,107.625,15.375,15.0
1319,158.875,107.625,117.875,28.84603011380854
1320,158.875,107.625,128.125,15.72715336462018
1321,158.875,107.625,138.375,25.467167595889418
1322,158.875,107.625,148.625,20.70517290163608
1323,158.875,117.875,15.375,15.901540419362014
1324,158.875,117.875,25.625,21.39255108961101
1325,158.875,117.875,35.875,15.0
1326,158.875,117.875,97.375,31.14164745798962
1327,158.875,117.875,138.375,15.887108627399023
1328,158.875,128.125,66.625,21.04837906465848
1329,158.875,128.125,76.875,27.950206060250107
1330,158.875,128.125,179.375,24.023733201841345
1331,158.875,128.125,199.875,31.20268384048367
1332,158.875,138.375,87.125,16.086403853236593
1333,158.875,138.375,107.625,19.731922621356986
1334,158.875,138.375,138.375,45.57133642564254
1335,158.875,148.625,56.375,30.87936850236275
1336,158.875,148.625,76.875,15.0
1337,158.875,148.625,87.125,61.13088390477223
1338,158.875,148.625,117.875,19.318571423902537
1339,158.875,148.625,148.625,15.046579998326191
1340,158.875,158.875,46.125,15.0
1341,158.875,158.875,117.875,30.686348277973998
1342,158.875,158.875,128.125,27.539563960373794
1343,158.875,158.875,148.625,44.52146539846916
1344,158.875,158.875,158.875,19.93258436602602
1345,158.875,158.875,189.625,15.089348762472298
1346,158.875,169.125,5.125,28.98421462494261
1347,158.875,169.125,87.125,25.50168488885639
1348,158.875,179.375,5.125,22.628089464364052
1349,158.875,179.375,15.375,16.73636086597549
1350,158.875,179.375,87.125,15.0
1351,158.875,179.375,189.625,17.799751884365584
1352,158.875,179.375,199.875,22.33649005523796
1353,158.875,189.625,5.125,25.323835678862952
1354,158.875,189.625,15.375,21.092398161323345
1355,158.875,189.625,25.625,16.54094033228686
1356,158.875,189.625,189.625,38.83684119822294
1357,158.875,189.625,199.875,28.3969891413151
1358,158.875,199.875,5.125,18.669329316979088
1359,158.875,199.875,56.375,26.569213183504807
1360,158.875,199.875,97.375,22.303699542514234
1361,158.875,199.875,107.625,40.80161562858365
1362,158.875,199.875,189.625,26.42839008379437
1363,158.875,199.875,199.875,25.793872648008342
1364,169.125,5.125,5.125,20.571060214459607
1365,169.125,5.125,35.875,15.0
1366,169.125,5.125,76.875,23.24129540758043
1367,169.125,5.125,87.125,15.79885188577711
1368,169.125,5.125,107.625,23.674513759278565
1369,169.125,5.125,117.875,38.22139871386959
1370,169.125,5.125,169.125,42.83711585694254
1371,169.125,5.125,179.375,31.29307451946345
1372,169.125,15.375,169.125,26.752993883629944
1373,169.125,15.375,179.375,37.1804120622871
1374,169.125,25.625,169.125,22.246792307227917
1375,169.125,35.875,66.625,15.0
1376,169.125,35.875,128.125,32.85910218229768
1377,169.125,35.875,148.625,15.0
1378,169.125,35.875,199.875,15.0
1379,169.125,46.125,5.125,21.301733404403876
1380,169.125,46.125,15.375,15.651910523838497
1381,169.125,46.125,35.875,29.049449604147238
1382,169.125,46.125,199.875,16.186118459780662
1383,169.125,56.375,199.875,19.542888285171724
1384,169.125,66.625,35.875,18.857554852322846
1385,169.125,66.625,87.125,24.740479190478016
1386,169.125,66.625,138.375,15.188326641551162
1387,169.125,66.625,148.625,26.217017051368288
1388,169.125,76.875,35.875,26.16164895411012
1389,169.125,76.875,46.125,15.0
1390,169.125,76.875,56.375,33.094657806506305
1391,169.125,76.875,76.875,20.012078296546278
1392,169.125,76.875,87.125,22.9293850888415
1393,169.125,76.875,107.625,18.076345266957787
1394,169.125,76.875,158.875,41.44511894106774
1395,169.125,87.125,56.375,58.77246274347317
1396,169.125,87.125,66.625,17.599208179469557
1397,169.125,87.125,76.875,15.0
1398,169.125,87.125,87.125,15.962919848964555
1399,169.125,87.125,107.625,42.7378584268189
1400,169.125,87.125,117.875,36.511228796895814
1401,169.125,97.375,66.625,26.12068095617992
1402,169.125,97.375,97.375,30.409403090825407
1403,169.125,107.625,56.375,43.81246451457023
1404,169.125,107.625,87.125,22.627715711949527
1405,169.125,107.625,107.625,80.0
1406,169.125,107.625,128.125,19.617307854586574
1407,169.125,107.625,138.375,36.1645553378801
1408,169.125,107.625,148.625,42.172201875237846
1409,169.125,117.875,15.375,20.481467122060653
1410,169.125,117.875,66.625,33.01317492439574
1411,169.125,117.875,76.875,35.748605847585615
1412,169.125,117.875,87.125,23.60908092016598
1413,169.125,117.875,97.375,37.68840080033219
1414,169.125,117.875,169.125,27.293624102988673
1415,169.125,128.125,66.625,19.668184698363945
1416,169.125,128.125,76.875,46.16533137157416
1417,169.125,128.125,97.375,15.0
1418,169.125,128.125,179.375,36.19388115862247
1419,169.125,138.375,25.625,16.40310190931783
1420,169.125,138.375,66.625,36.868613957090275
1421,169.125,138.375,76.875,19.964655509695607
1422,169.125,138.375,87.125,15.0
1423,169.125,138.375,97.375,24.31577805634164
1424,169.125,148.625,107.625,46.95899960066265
1425,169.125,148.625,117.875,43.05312896827993
1426,169.125,148.625,138.375,21.07136363917277
1427,169.125,148.625,148.625,15.0
1428,169.125,148.625,179.375,34.83512253849833
1429,169.125,158.875,148.625,21.233427830114067
1430,169.125,169.125,25.625,15.0
1431,169.125,169.125,76.875,36.987241475620074
1432,169.125,179.375,15.375,26.36950155498165
1433,169.125,179.375,189.625,22.83154920271997
1434,169.125,189.625,5.125,29.334708855413506
1435,169.125,189.625,169.125,32.605507762795305
1436,169.125,189.625,189.625,17.119040709115964
1437,169.125,189.625,199.875,33.425516554320204
1438,169.125,199.875,5.125,27.800386402560918
1439,169.125,199.875,25.625,29.431958946724077
1440,169.125,199.875,97.375,21.260832426952046
1441,169.125,199.875,107.625,28.820128524844613
1442,169.125,199.875,169.125,21.545363161976407
1443,169.125,199.875,179.375,39.180770456254734
1444,169.125,199.875,189.625,43.97013868134013
1445,179.375,5.125,35.875,43.556132993930454
1446,179.375,5.125,46.125,17.269847401333717
1447,179.375,5.125,107.625,48.92719314268849
1448,179.375,5.125,117.875,39.776161715675535
1449,179.375,5.125,169.125,34.66392323205304
1450,179.375,15.375,15.375,51.82466461581576
1451,179.375,15.375,46.125,51.28186579096732
1452,179.375,15.375,56.375,17.301343929542874
1453,179.375,15.375,76.875,19.102281351241178
1454,179.375,35.875,46.125,18.456631998586214
1455,179.375,46.125,5.125,21.38442964680836
1456,179.375,46.125,15.375,34.008395706920695
1457,179.375,46.125,25.625,43.445021081564676
1458,179.375,46.125,35.875,28.329903981001994
1459,179.375,46.125,97.375,32.47429809482403
1460,179.375,46.125,158.875,36.5680825094973
1461,179.375,56.375,5.125,27.122774260140183
1462,179.375,56.375,15.375,15.0
1463,179.375,56.375,138.375,22.72630436278513
1464,179.375,66.625,25.625,49.11337681985391
1465,179.375,66.625,87.125,18.40205115956837
1466,179.375,66.625,97.375,33.8823943628254
1467,179.375,66.625,128.125,27.44267363874773
1468,179.375,66.625,138.375,16.520479011815276
1469,179.375,66.625,148.625,48.915876085893665
1470,179.375,66.625,158.875,37.96720505186532
1471,179.375,76.875,46.125,19.11399165704515
1472,179.375,76.875,66.625,29.901667389587054
1473,179.375,76.875,87.125,17.59830059039222
1474,179.375,76.875,117.875,24.537010107648133
1475,179.375,76.875,128.125,15.646102176574049
1476,179.375,76.875,158.875,17.782138497562322
1477,179.375,87.125,35.875,28.87421163295663
1478,179.375,87.125,66.625,22.315805806156
1479,179.375,87.125,128.125,20.829567883186073
1480,179.375,97.375,35.875,36.8854477075825
1481,179.375,97.375,46.125,19.780409033194676
1482,179.375,97.375,66.625,16.048567428538195
1483,179.375,107.625,15.375,26.875842049782484
1484,179.375,107.625,35.875,26.367981494900484
1485,179.375,107.625,87.125,29.83733955729087
1486,179.375,107.625,97.375,19.635530872061874
1487,179.375,107.625,117.875,26.993139842229684
1488,179.375,107.625,179.375,27.75547051400247
1489,179.375,117.875,35.875,27.686579471017843
1490,179.375,117.875,46.125,39.436897999170704
1491,179.375,117.875,76.875,44.071151101436904
1492,179.375,117.875,87.125,15.0
1493,179.375,117.875,117.875,15.0
1494,179.375,117.875,128.125,35.962396061506546
1495,179.375,117.875,138.375,23.434436432375843
1496,179.375,117.875,148.625,26.45640673322857
1497,179.375,117.875,158.875,15.0
1498,179.375,117.875,189.625,22.426712820248813
1499,179.375,128.125,76.875,19.346313853345645
1500,179.375,128.125,128.125,18.348676748518713
1501,179.375,128.125,138.375,15.0
1502,179.375,128.125,148.625,39.82216334484745
1503,179.375,128.125,179.375,71.68142167235294
1504,179.375,138.375,15.375,19.31403376180556
1505,179.375,138.375,25.625,23.876018310670595
1506,179.375,138.375,35.875,37.16510500136744
1507,179.375,138.375,179.375,31.714938425851297
1508,179.375,138.375,199.875,26.401809841578025
1509,179.375,148.625,15.375,15.866645022292515
1510,179.375,148.625,35.875,35.34221276841251
1511,179.375,148.625,97.375,30.401813815457416
1512,179.375,148.625,148.625,19.13344784789121
1513,179.375,148.625,199.875,20.86464829961581
1514,179.375,158.875,15.375,19.854403431937474
1515,179.375,158.875,87.125,15.0
1516,179.375,158.875,97.375,15.0
1517,179.375,158.875,107.625,25.341003367072744
1518,179.375,158.875,148.625,15.0
1519,179.375,169.125,189.625,35.71970851121049
1520,179.375,169.125,199.875,41.72301739394167
1521,179.375,179.375,35.875,24.789955127906506
1522,179.375,179.375,46.125,26.352371916921207
1523,179.375,179.375,107.625,35.681305910891204
1524,179.375,179.375,117.875,48.32148868783903
1525,179.375,179.375,179.375,27.427522742544692
1526,179.375,179.375,189.625,22.49808315726862
1527,179.375,179.375,199.875,32.81647635423036
1528,179.375,189.625,5.125,38.122104339952514
1529,179.375,189.625,15.375,20.744884733416608
1530,179.375,189.625,25.625,34.00309227934273
1531,179.375,189.625,199.875,20.048168880492582
1532,179.375,199.875,25.625,55.28570972012146
1533,179.375,199.875,35.875,15.0
1534,179.375,199.875,97.375,23.953475411883485
1535,179.375,199.875,107.625,40.8402673679989
1536,179.375,199.875,199.875,34.818196606293775
1537,189.625,5.125,35.875,15.0
1538,189.625,5.125,76.875,53.78790047820914
1539,189.625,15.375,5.125,38.15197749901914
1540,189.625,15.375,15.375,20.27401456845574
1541,189.625,15.375,46.125,32.81202997487324
1542,189.625,15.375,199.875,15.0
1543,189.625,25.625,66.625,19.111187994458703
1544,189.625,25.625,87.125,33.95263282858546
1545,189.625,25.625,97.375,47.32055611952682
1546,189.625,25.625,128.125,32.384065682175354
1547,189.625,25.625,138.375,16.712500208587905
1548,189.625,25.625,158.875,26.879562207389174
1549,189.625,35.875,15.375,22.570263528995145
1550,189.625,35.875,25.625,32.95596101276663
1551,189.625,35.875,138.375,46.52198160578585
1552,189.625,46.125,25.625,17.19056612730158
1553,189.625,46.125,117.875,20.243134303092337
1554,189.625,46.125,148.625,23.15919150633288
1555,189.625,46.125,169.125,19.154541357937788
1556,189.625,56.375,5.125,37.66976749792868
1557,189.625,56.375,15.375,34.95680561796436
1558,189.625,56.375,148.625,21.627688524766096
1559,189.625,56.375,158.875,39.8792322487902
1560,189.625,66.625,128.125,25.248417578719724
1561,189.625,66.625,138.375,22.93922988155222
1562,189.625,66.625,158.875,47.30180240376095
1563,189.625,76.875,15.375,35.641490049331495
1564,189.625,76.875,46.125,17.331728654227362
1565,189.625,76.875,66.625,69.9034384610814
1566,189.625,76.875,128.125,59.13483563107729
1567,189.625,76.875,189.625,32.05316157830272
1568,189.625,87.125,5.125,21.172140004299095
1569,189.625,87.125,25.625,19.106396371256704
1570,189.625,87.125,35.875,17.88141598581572
1571,189.625,87.125,87.125,25.53071126042275
1572,189.625,87.125,97.375,40.876041411968714
1573,189.625,87.125,107.625,39.85406181746004
1574,189.625,97.375,35.875,62.034861472151995
1575,189.625,97.375,56.375,19.858560183782966
1576,189.625,97.375,76.875,15.0
1577,189.625,107.625,46.125,63.435299958449356
1578,189.625,107.625,56.375,28.41095134111883
1579,189.625,107.625,76.875,22.320003932453833
1580,189.625,107.625,87.125,16.831536880588413
1581,189.625,107.625,97.375,33.62409699155199
1582,189.625,107.625,107.625,15.0
1583,189.625,107.625,117.875,15.0
1584,189.625,107.625,148.625,60.09835214583064
1585,189.625,117.875,46.125,25.943799924932957
1586,189.625,117.875,76.875,31.335912936956188
1587,189.625,117.875,87.125,32.2461092502039
1588,189.625,117.875,148.625,20.606568166650572
1589,189.625,128.125,5.125,37.23270893741593
1590,189.625,128.125,15.375,64.73442742616834
1591,189.625,128.125,35.875,15.687355282768324
1592,189.625,128.125,76.875,28.194980724429993
1593,189.625,128.125,87.125,15.0
1594,189.625,128.125,148.625,56.45457042914352
1595,189.625,128.125,158.875,15.0
1596,189.625,138.375,15.375,33.46625741871366
1597,189.625,138.375,25.625,15.0
1598,189.625,138.375,128.125,33.869383497031805
1599,189.625,148.625,15.375,31.77272483009903
1600,189.625,148.625,25.625,33.71670368884462
1601,189.625,148.625,35.875,18.44563685839563
1602,189.625,148.625,66.625,16.56639070645505
1603,189.625,148.625,169.125,20.64507507811011
1604,189.625,158.875,5.125,16.99011688591725
1605,189.625,158.875,15.375,17.68049177006094
1606,189.625,158.875,128.125,16.36749570137195
1607,189.625,158.875,148.625,19.80738529617995
1608,189.625,158.875,158.875,39.63987478874123
1609,189.625,169.125,15.375,28.079327243510342
1610,189.625,169.125,35.875,40.21631792666339
1611,189.625,169.125,66.625,39.45001524442761
1612,189.625,169.125,97.375,18.897704146556343
1613,189.625,169.125,117.875,30.623131152649588
1614,189.625,169.125,148.625,56.03436596374187
1615,189.625,169.125,158.875,21.582186946464784
1616,189.625,179.375,56.375,44.9295867641866
1617,189.625,179.375,97.375,42.02885786717643
1618,189.625,179.375,107.625,46.11717730914438
1619,189.625,179.375,117.875,33.40036265167598
1620,189.625,179.375,148.625,40.751572392766434
1621,189.625,179.375,158.875,19.564698436713925
1622,189.625,189.625,5.125,28.552551224511372
1623,189.625,189.625,107.625,24.393579883768364
1624,189.625,189.625,117.875,15.0
1625,189.625,189.625,128.125,15.0
1626,189.625,189.625,169.125,28.996118943958567
1627,189.625,199.875,15.375,24.224451231987796
1628,189.625,199.875,76.875,36.82400594186422
1629,189.625,199.875,87.125,15.0
1630,189.625,199.875,128.125,30.988454504950347
1631,199.875,5.125,97.375,15.992102262401446
1632,199.875,5.125,107.625,80.0
1633,199.875,15.375,148.625,27.01276735506796
1634,199.875,15.375,158.875,25.46650831735239
1635,199.875,15.375,199.875,27.19370805047473
1636,199.875,25.625,87.125,15.0
1637,199.875,25.625,107.625,34.53326081750382
1638,199.875,25.625,128.125,21.760388286615772
1639,199.875,25.625,148.625,29.284822677575765
1640,199.875,25.625,158.875,22.222816020897277
1641,199.875,25.625,179.375,28.744210967701168
1642,199.875,35.875,25.625,16.69708959180792
1643,199.875,35.875,66.625,29.13353343580741
1644,199.875,35.875,87.125,23.677958388996966
1645,199.875,35.875,128.125,32.31373253396177
1646,199.875,35.875,138.375,20.114711937403385
1647,199.875,35.875,148.625,20.54462328665469
1648,199.875,46.125,5.125,29.40204684383763
1649,199.875,46.125,15.375,42.23711849101853
1650,199.875,46.125,25.625,22.958091557271665
1651,199.875,46.125,138.375,32.339534382524235
1652,199.875,46.125,148.625,29.15481897059668
1653,199.875,46.125,158.875,31.97703568598318
1654,199.875,56.375,5.125,15.0
1655,199.875,56.375,15.375,45.258831518556576
1656,199.875,56.375,66.625,33.884093478782056
1657,199.875,56.375,87.125,16.995157292631916
1658,199.875,56.375,97.375,15.0
1659,199.875,56.375,158.875,26.837274606254148
1660,199.875,56.375,169.125,26.0539661702875
1661,199.875,56.375,179.375,27.95533114737972
1662,199.875,66.625,5.125,26.576026649051034
1663,199.875,66.625,46.125,15.32124570843148
1664,199.875,76.875,15.375,17.943423227023704
1665,199.875,76.875,25.625,40.881567344439226
1666,199.875,76.875,158.875,66.31252095213587
1667,199.875,87.125,107.625,49.06661888915784
1668,199.875,87.125,128.125,27.31777501600978
1669,199.875,87.125,138.375,16.390613127197106
1670,199.875,87.125,148.625,23.877341037918416
1671,199.875,87.125,169.125,31.239998067469852
1672,199.875,97.375,46.125,48.87234752366207
1673,199.875,97.375,56.375,15.0
1674,199.875,97.375,158.875,32.63533877654345
1675,199.875,107.625,5.125,36.268953283962134
1676,199.875,107.625,46.125,24.658523834295714
1677,199.875,107.625,117.875,18.2623067948102
1678,199.875,107.625,158.875,15.0
1679,199.875,117.875,46.125,31.449838747845746
1680,199.875,117.875,148.625,16.88251554551627
1681,199.875,117.875,169.125,27.01728913762216
1682,199.875,128.125,25.625,62.434523418254095
1683,199.875,128.125,56.375,35.92376923859833
1684,199.875,128.125,66.625,42.58421545363362
1685,199.875,128.125,158.875,40.513257394861725
1686,199.875,138.375,15.375,42.83241962916631
1687,199.875,138.375,25.625,27.096108694317458
1688,199.875,138.375,46.125,16.912551988058542
1689,199.875,138.375,56.375,23.839319044168406
1690,199.875,138.375,128.125,36.26097076935975
1691,199.875,138.375,199.875,15.0
1692,199.875,148.625,25.625,21.426460815294266
1693,199.875,148.625,66.625,15.0
1694,199.875,148.625,107.625,33.90776710159031
1695,199.875,148.625,128.125,28.052478489745933
1696,199.875,148.625,138.375,30.17274608075963
1697,199.875,158.875,35.875,15.950980597884197
1698,199.875,169.125,35.875,47.708418438801196
1699,199.875,169.125,148.625,28.312162707998134
1700,199.875,179.375,5.125,26.881851013236144
1701,199.875,179.375,15.375,37.28236038617378
1702,199.875,179.375,46.125,36.921827061439046
1703,199.875,179.375,56.375,15.0
1704,199.875,179.375,66.625,15.0
1705,199.875,179.375,97.375,64.5815085441351
1706,199.875,179.375,107.625,20.328969763612577
1707,199.875,179.375,117.875,15.0
1708,199.875,179.375,138.375,19.558886870882667
1709,199.875,179.375,158.875,34.281533865118924
1710,199.875,179.375,169.125,24.294033102443542
1711,199.875,179.375,189.625,17.100573647786824
1712,199.875,189.625,107.625,32.64655426413575
1713,199.875,189.625,117.875,36.14290981771037
1714,199.875,189.625,169.125,21.429403150254412
1715,199.875,199.875,35.875,24.640162544464804
1716,199.875,199.875,66.625,15.0
1717,199.875,199.875,169.125,15.0
